country,device,clicks,impressions,ctr,position
usa,MOBILE,14,1806,0.0078,8.5
usa,DESKTOP,10,2253,0.0044,19.1
deu,MOBILE,6,599,0.01,7.5
can,MOBILE,5,320,0.0156,7.9
gbr,MOBILE,5,344,0.0145,8.1
aut,DESKTOP,3,57,0.0526,11.4
deu,DESKTOP,3,806,0.0037,14.4
hkg,DESKTOP,3,118,0.0254,7.8
twn,MOBILE,3,155,0.0194,7.8
aus,MOBILE,2,154,0.013,8.1
blr,DESKTOP,2,18,0.1111,5.3
bra,MOBILE,2,85,0.0235,8.2
can,DESKTOP,2,346,0.0058,15.1
gbr,DESKTOP,2,325,0.0062,16.7
nld,DESKTOP,2,162,0.0123,22.2
rus,DESKTOP,2,174,0.0115,8.4
rus,MOBILE,2,121,0.0165,7.7
sgp,DESKTOP,2,87,0.023,8.9
twn,DESKTOP,2,275,0.0073,8.7
zaf,MOBILE,2,36,0.0556,8.7
aus,DESKTOP,1,257,0.0039,16.2
che,DESKTOP,1,50,0.02,10.4
chl,DESKTOP,1,28,0.0357,8.8
cze,DESKTOP,1,30,0.0333,7.7
deu,TABLET,1,28,0.0357,7.0
est,DESKTOP,1,11,0.0909,7
hkg,MOBILE,1,84,0.0119,7.9
idn,MOBILE,1,42,0.0238,9.2
ita,DESKTOP,1,57,0.0175,17.5
mex,DESKTOP,1,43,0.0233,7.8
mmr,MOBILE,1,3,0.3333,9.3
pak,DESKTOP,1,14,0.0714,9.9
phl,MOBILE,1,73,0.0137,7.8
pol,MOBILE,1,16,0.0625,7.6
sgp,MOBILE,1,41,0.0244,7.8
swe,MOBILE,1,31,0.0323,7.8
tha,MOBILE,1,23,0.0435,8.1
ukr,DESKTOP,1,41,0.0244,11.3
abw,DESKTOP,0,1,0,6
abw,MOBILE,0,1,0,10
ago,MOBILE,0,1,0,3
alb,DESKTOP,0,5,0,7
are,DESKTOP,0,17,0,6.6
are,MOBILE,0,7,0,8.7
arg,DESKTOP,0,18,0,7.1
arg,MOBILE,0,10,0,9
arm,DESKTOP,0,2,0,6
arm,MOBILE,0,2,0,6
aus,TABLET,0,7,0,7.4
aut,MOBILE,0,36,0,7.8
aut,TABLET,0,1,0,9
aze,DESKTOP,0,7,0,5.4
aze,MOBILE,0,1,0,24
bel,DESKTOP,0,46,0,15.6
bel,MOBILE,0,15,0,7.1
bgd,DESKTOP,0,24,0,6.2
bgd,MOBILE,0,12,0,7.6
bgr,DESKTOP,0,7,0,7
bgr,MOBILE,0,3,0,7
bhr,DESKTOP,0,2,0,9
bhr,MOBILE,0,2,0,6.5
bhs,MOBILE,0,2,0,8
bih,DESKTOP,0,1,0,2
blr,MOBILE,0,10,0,7.7
bmu,DESKTOP,0,1,0,4
bol,DESKTOP,0,1,0,9
bol,MOBILE,0,1,0,28
bra,DESKTOP,0,211,0,13.0
bra,TABLET,0,3,0,7
brb,MOBILE,0,1,0,5
brn,DESKTOP,0,3,0,9.7
brn,MOBILE,0,1,0,8
btn,DESKTOP,0,1,0,2
can,TABLET,0,3,0,9.3
che,MOBILE,0,31,0,8.1
chl,MOBILE,0,5,0,8
chn,DESKTOP,0,16,0,5.8
chn,MOBILE,0,6,0,5.5
cmr,MOBILE,0,1,0,1
cod,DESKTOP,0,1,0,4
col,DESKTOP,0,10,0,5.6
col,MOBILE,0,1,0,6
cri,DESKTOP,0,2,0,5.5
cri,MOBILE,0,3,0,8.7
cub,DESKTOP,0,1,0,8
cyp,DESKTOP,0,2,0,33
cze,MOBILE,0,12,0,10.2
dji,MOBILE,0,2,0,11
dnk,DESKTOP,0,39,0,9.8
dnk,MOBILE,0,23,0,6.8
dom,DESKTOP,0,2,0,5.5
dom,MOBILE,0,1,0,9
dza,DESKTOP,0,2,0,5.5
dza,MOBILE,0,2,0,9.5
ecu,DESKTOP,0,9,0,6.7
ecu,MOBILE,0,2,0,5
egy,DESKTOP,0,9,0,6.7
egy,MOBILE,0,3,0,7.3
esp,DESKTOP,0,75,0,29.6
esp,MOBILE,0,14,0,11.1
est,MOBILE,0,3,0,7
eth,MOBILE,0,1,0,3
fin,DESKTOP,0,35,0,7.5
fin,MOBILE,0,16,0,9.4
fin,TABLET,0,1,0,8
fji,DESKTOP,0,1,0,5
fra,DESKTOP,0,89,0,27.0
fra,MOBILE,0,17,0,6.4
gbr,TABLET,0,5,0,6.4
geo,DESKTOP,0,2,0,9
glp,DESKTOP,0,1,0,11
grc,DESKTOP,0,11,0,6.8
gtm,DESKTOP,0,2,0,10
gtm,MOBILE,0,3,0,8.3
gum,MOBILE,0,2,0,9.5
guy,MOBILE,0,2,0,7
hkg,TABLET,0,3,0,6.7
hrv,DESKTOP,0,5,0,6.6
hrv,MOBILE,0,6,0,8
hun,DESKTOP,0,11,0,7
hun,MOBILE,0,5,0,7.8
idn,DESKTOP,0,64,0,13.7
imn,DESKTOP,0,1,0,10
imn,MOBILE,0,1,0,9
ind,DESKTOP,0,98,0,9.9
ind,MOBILE,0,163,0,8.5
ind,TABLET,0,4,0,7
irl,DESKTOP,0,17,0,7.5
irl,MOBILE,0,8,0,7.2
irn,DESKTOP,0,6,0,8.3
irq,DESKTOP,0,3,0,8.7
irq,MOBILE,0,5,0,10.6
isl,DESKTOP,0,3,0,9.7
isl,MOBILE,0,2,0,7.5
isr,DESKTOP,0,24,0,29.3
isr,MOBILE,0,7,0,7.6
ita,MOBILE,0,26,0,9.0
ita,TABLET,0,1,0,5
jey,MOBILE,0,5,0,8.2
jor,DESKTOP,0,1,0,29
jor,MOBILE,0,1,0,29
jpn,DESKTOP,0,109,0,16.0
jpn,MOBILE,0,66,0,7.6
kaz,DESKTOP,0,10,0,6.5
kaz,MOBILE,0,7,0,8.6
ken,MOBILE,0,1,0,9
kgz,DESKTOP,0,3,0,9.7
kgz,MOBILE,0,2,0,4.5
kgz,TABLET,0,2,0,8
khm,DESKTOP,0,7,0,14.1
khm,MOBILE,0,6,0,11.3
kor,DESKTOP,0,24,0,31.8
kor,MOBILE,0,8,0,9
kwt,DESKTOP,0,4,0,8.5
kwt,MOBILE,0,1,0,8
lao,DESKTOP,0,2,0,7
lbn,MOBILE,0,2,0,6
lby,MOBILE,0,2,0,7
lca,MOBILE,0,1,0,1
lka,DESKTOP,0,1,0,9
lka,MOBILE,0,2,0,7.5
lso,DESKTOP,0,1,0,2
ltu,DESKTOP,0,12,0,6.3
ltu,MOBILE,0,4,0,8.8
lux,DESKTOP,0,2,0,1
lux,MOBILE,0,4,0,5.2
lva,DESKTOP,0,6,0,7.3
lva,MOBILE,0,3,0,4.3
mac,DESKTOP,0,3,0,8
mac,MOBILE,0,2,0,7.5
mar,DESKTOP,0,3,0,9.3
mar,MOBILE,0,2,0,5
mda,DESKTOP,0,5,0,9.4
mda,TABLET,0,1,0,10
mdv,DESKTOP,0,1,0,1
mdv,MOBILE,0,1,0,9
mex,MOBILE,0,24,0,9.0
mkd,DESKTOP,0,1,0,6
mli,DESKTOP,0,1,0,9
mlt,DESKTOP,0,2,0,9.5
mlt,MOBILE,0,1,0,11
mne,DESKTOP,0,1,0,7
mng,DESKTOP,0,3,0,6.7
mng,MOBILE,0,1,0,25
mus,DESKTOP,0,4,0,9.5
mys,DESKTOP,0,66,0,8.8
mys,MOBILE,0,53,0,8.2
nam,MOBILE,0,1,0,7
nga,DESKTOP,0,2,0,3
nga,MOBILE,0,4,0,7
nld,MOBILE,0,48,0,7.5
nor,DESKTOP,0,38,0,14.5
nor,MOBILE,0,18,0,7.9
npl,DESKTOP,0,4,0,9
npl,MOBILE,0,4,0,8.2
nzl,DESKTOP,0,43,0,10.2
nzl,MOBILE,0,26,0,7.8
nzl,TABLET,0,1,0,7
omn,DESKTOP,0,1,0,11
omn,MOBILE,0,1,0,5
pak,MOBILE,0,9,0,9.2
pan,DESKTOP,0,1,0,6
pan,MOBILE,0,1,0,86
per,DESKTOP,0,12,0,6.2
per,MOBILE,0,8,0,8.6
phl,DESKTOP,0,143,0,8.0
phl,TABLET,0,2,0,5.5
pol,DESKTOP,0,73,0,8.3
pri,DESKTOP,0,3,0,8.7
pri,MOBILE,0,8,0,9.1
pri,TABLET,0,1,0,4
prt,DESKTOP,0,22,0,7.3
prt,MOBILE,0,9,0,9.2
pry,DESKTOP,0,5,0,7.8
pry,MOBILE,0,1,0,7
qat,DESKTOP,0,7,0,9.3
qat,MOBILE,0,2,0,9.5
rou,DESKTOP,0,14,0,15.9
rou,MOBILE,0,3,0,8.3
sau,DESKTOP,0,8,0,6.4
sau,MOBILE,0,13,0,6.9
sen,DESKTOP,0,1,0,9
slv,DESKTOP,0,1,0,8
srb,DESKTOP,0,12,0,8.3
srb,MOBILE,0,1,0,7
sur,DESKTOP,0,1,0,6
svk,DESKTOP,0,11,0,13.4
svk,MOBILE,0,3,0,7
svn,DESKTOP,0,4,0,7.2
svn,MOBILE,0,1,0,15
swe,DESKTOP,0,57,0,9.2
tha,DESKTOP,0,42,0,14.1
tha,TABLET,0,2,0,7
tjk,MOBILE,0,1,0,2
tkm,MOBILE,0,1,0,5
tto,DESKTOP,0,2,0,9
tto,MOBILE,0,1,0,7
tun,DESKTOP,0,2,0,36
tun,MOBILE,0,1,0,8
tur,DESKTOP,0,54,0,7.9
tur,MOBILE,0,17,0,9.9
twn,TABLET,0,5,0,6
uga,MOBILE,0,1,0,12
ukr,MOBILE,0,32,0,7.7
ukr,TABLET,0,1,0,4
ury,DESKTOP,0,2,0,7
usa,TABLET,0,9,0,8.9
uzb,DESKTOP,0,4,0,7.8
vct,MOBILE,0,1,0,6
ven,DESKTOP,0,4,0,6.2
ven,MOBILE,0,6,0,8.5
vir,MOBILE,0,1,0,10
vnm,DESKTOP,0,35,0,9.0
vnm,MOBILE,0,10,0,8.6
vnm,TABLET,0,1,0,8
xkk,MOBILE,0,1,0,11
zaf,DESKTOP,0,23,0,8.3
zaf,TABLET,0,1,0,9
zzz,DESKTOP,0,1,0,9
