page,clicks,impressions,ctr,position
https://palworld-chi.vercel.app/en/guide/world-tree,33,1845,0.0179,7.3
https://palworld-chi.vercel.app/en/guide/endgame,12,537,0.0223,6.3
https://palworld-chi.vercel.app/en/guide/materials,2,142,0.0141,8.0
https://palworld-chi.vercel.app/en/guide/base,1,13,0.0769,5.5
https://palworld-chi.vercel.app/en/guide/passives,1,24,0.0417,6.2
https://palworld-chi.vercel.app/en/pal/anubis,1,20,0.05,17.9
https://palworld-chi.vercel.app/en/pal/blazamut/location,1,56,0.0179,11.9
https://palworld-chi.vercel.app/en/pal/broncherry/location,1,169,0.0059,8.8
https://palworld-chi.vercel.app/en/pal/chillet,1,24,0.0417,11.4
https://palworld-chi.vercel.app/en/pal/penking/location,1,142,0.007,10.0
https://palworld-chi.vercel.app/en/pal/petallia/location,1,66,0.0152,6.8
https://palworld-chi.vercel.app/en/pal/reptyro/location,1,83,0.012,8.5
https://palworld-chi.vercel.app/en/pal/woolipop/location,1,3,0.3333,4
https://palworld-chi.vercel.app/en/breeding-calculator,0,14,0,14.4
https://palworld-chi.vercel.app/en/guide/beginner,0,12,0,11.8
https://palworld-chi.vercel.app/en/guide/breeding,0,9,0,56.3
https://palworld-chi.vercel.app/en/guide/faq,0,31,0,13.9
https://palworld-chi.vercel.app/en/guide/mobile,0,2,0,38.5
https://palworld-chi.vercel.app/en/guide/money,0,166,0,8.2
https://palworld-chi.vercel.app/en/guide/new-pals,0,7,0,8.3
https://palworld-chi.vercel.app/en/guide/tcg,0,18,0,8.2
https://palworld-chi.vercel.app/en/item/baked-berries,0,2,0,7
https://palworld-chi.vercel.app/en/item/bakedmeat-icecrocodile,0,1,0,4
https://palworld-chi.vercel.app/en/item/bakedmeat-kelpie,0,1,0,6
https://palworld-chi.vercel.app/en/item/blueprint-accessory-hchp-1,0,4,0,13.8
https://palworld-chi.vercel.app/en/item/blueprint-energyshotgun-4,0,1,0,12
https://palworld-chi.vercel.app/en/item/blueprint-otomo-dfearth-elementboost-1,0,1,0,9
https://palworld-chi.vercel.app/en/item/cloth2,0,3,0,55.7
https://palworld-chi.vercel.app/en/item/elixir-stamina-02,0,5,0,32
https://palworld-chi.vercel.app/en/item/meat-grassmammoth,0,9,0,31.3
https://palworld-chi.vercel.app/en/item/otomo-dfelectricity-elementboost-1,0,1,0,7
https://palworld-chi.vercel.app/en/item/rainbowcrystal,0,3,0,6.3
https://palworld-chi.vercel.app/en/item/shield-01,0,2,0,31.5
https://palworld-chi.vercel.app/en/item/skillcard-blastcanon,0,1,0,10
https://palworld-chi.vercel.app/en/item/sulfur,0,2,0,5.5
https://palworld-chi.vercel.app/en/items?category=Material,0,9,0,6.9
https://palworld-chi.vercel.app/en/map,0,74,0,56.7
https://palworld-chi.vercel.app/en/pal/aegidron,0,49,0,19.4
https://palworld-chi.vercel.app/en/pal/amione,0,2,0,10
https://palworld-chi.vercel.app/en/pal/anubis/location,0,28,0,7.3
https://palworld-chi.vercel.app/en/pal/astegon/location,0,475,0,10.0
https://palworld-chi.vercel.app/en/pal/astralym,0,6,0,8.2
https://palworld-chi.vercel.app/en/pal/astralym/breeding,0,33,0,4.5
https://palworld-chi.vercel.app/en/pal/azurobe-cryst,0,17,0,22.2
https://palworld-chi.vercel.app/en/pal/beegarde,0,42,0,26.0
https://palworld-chi.vercel.app/en/pal/bellanoir-libero,0,24,0,14.9
https://palworld-chi.vercel.app/en/pal/blazamut,0,21,0,27.4
https://palworld-chi.vercel.app/en/pal/blazamut-ryu,0,5,0,28.2
https://palworld-chi.vercel.app/en/pal/blazehowl/location,0,27,0,9.6
https://palworld-chi.vercel.app/en/pal/bulldosu,0,5,0,23.8
https://palworld-chi.vercel.app/en/pal/bushi,0,70,0,12.3
https://palworld-chi.vercel.app/en/pal/bushi-noct/location,0,14,0,20.9
https://palworld-chi.vercel.app/en/pal/caprity,0,2,0,7
https://palworld-chi.vercel.app/en/pal/cattiva,0,13,0,11.3
https://palworld-chi.vercel.app/en/pal/celaray-lux,0,1,0,2
https://palworld-chi.vercel.app/en/pal/celesdir,0,22,0,26.0
https://palworld-chi.vercel.app/en/pal/celesdir-noct,0,17,0,9.8
https://palworld-chi.vercel.app/en/pal/chikipi/location,0,13,0,8.6
https://palworld-chi.vercel.app/en/pal/chillet-ignis,0,2,0,12.5
https://palworld-chi.vercel.app/en/pal/cinnamoth,0,41,0,20.6
https://palworld-chi.vercel.app/en/pal/cremis,0,8,0,9.4
https://palworld-chi.vercel.app/en/pal/croajiro-noct,0,2,0,40.5
https://palworld-chi.vercel.app/en/pal/cryolinx-terra,0,27,0,19.9
https://palworld-chi.vercel.app/en/pal/dandilord,0,76,0,12.3
https://palworld-chi.vercel.app/en/pal/dazzi-noct,0,20,0,21.3
https://palworld-chi.vercel.app/en/pal/depresso,0,13,0,28.1
https://palworld-chi.vercel.app/en/pal/depresso/location,0,5,0,5.4
https://palworld-chi.vercel.app/en/pal/dinossom,0,8,0,15.9
https://palworld-chi.vercel.app/en/pal/dinossom-lux,0,2,0,37
https://palworld-chi.vercel.app/en/pal/direhowl/location,0,52,0,8.6
https://palworld-chi.vercel.app/en/pal/dogen,0,7,0,16.7
https://palworld-chi.vercel.app/en/pal/dualith,0,10,0,15.4
https://palworld-chi.vercel.app/en/pal/dualith-noct,0,7,0,18.1
https://palworld-chi.vercel.app/en/pal/dumud,0,2,0,8
https://palworld-chi.vercel.app/en/pal/dumud/location,0,46,0,9.4
https://palworld-chi.vercel.app/en/pal/dupin,0,58,0,11.9
https://palworld-chi.vercel.app/en/pal/dynamoff,0,70,0,13.9
https://palworld-chi.vercel.app/en/pal/eidrolon,0,53,0,16.2
https://palworld-chi.vercel.app/en/pal/eidrolon/location,0,14,0,9.1
https://palworld-chi.vercel.app/en/pal/eikthyrdeer-terra,0,1,0,34
https://palworld-chi.vercel.app/en/pal/eikthyrdeer/location,0,26,0,9.9
https://palworld-chi.vercel.app/en/pal/elphidran-aqua,0,42,0,10.6
https://palworld-chi.vercel.app/en/pal/faleris,0,51,0,17.2
https://palworld-chi.vercel.app/en/pal/faleris-aqua,0,10,0,36.8
https://palworld-chi.vercel.app/en/pal/felbat,0,2,0,7
https://palworld-chi.vercel.app/en/pal/felbat/location,0,20,0,9.8
https://palworld-chi.vercel.app/en/pal/fenglope,0,2,0,65
https://palworld-chi.vercel.app/en/pal/fenglope-lux,0,3,0,9.7
https://palworld-chi.vercel.app/en/pal/finsider/location,0,8,0,8.5
https://palworld-chi.vercel.app/en/pal/flaracle,0,42,0,8.0
https://palworld-chi.vercel.app/en/pal/flopie,0,1,0,6
https://palworld-chi.vercel.app/en/pal/foxcicle/location,0,33,0,20.9
https://palworld-chi.vercel.app/en/pal/foxparks,0,8,0,7
https://palworld-chi.vercel.app/en/pal/foxparks-cryst,0,2,0,49.5
https://palworld-chi.vercel.app/en/pal/frostallion-noct,0,15,0,18.1
https://palworld-chi.vercel.app/en/pal/frostallion-noct/location,0,114,0,14.6
https://palworld-chi.vercel.app/en/pal/frostplume,0,21,0,11.3
https://palworld-chi.vercel.app/en/pal/fuack-ignis/location,0,2,0,5
https://palworld-chi.vercel.app/en/pal/galeclaw,0,28,0,8.7
https://palworld-chi.vercel.app/en/pal/gildra,0,30,0,9.9
https://palworld-chi.vercel.app/en/pal/gloopie/location,0,2,0,42.5
https://palworld-chi.vercel.app/en/pal/gobfin,0,57,0,6.4
https://palworld-chi.vercel.app/en/pal/gobfin-ignis,0,29,0,16.3
https://palworld-chi.vercel.app/en/pal/gorirat,0,3,0,64
https://palworld-chi.vercel.app/en/pal/grizzbolt/breeding,0,10,0,31.2
https://palworld-chi.vercel.app/en/pal/hangyu,0,5,0,13.8
https://palworld-chi.vercel.app/en/pal/hangyu-cryst,0,1,0,11
https://palworld-chi.vercel.app/en/pal/hartalis,0,120,0,13.1
https://palworld-chi.vercel.app/en/pal/helzephyr,0,46,0,17.9
https://palworld-chi.vercel.app/en/pal/helzephyr-lux,0,2,0,40.5
https://palworld-chi.vercel.app/en/pal/helzephyr-lux/location,0,28,0,18.2
https://palworld-chi.vercel.app/en/pal/helzephyr/location,0,39,0,9.7
https://palworld-chi.vercel.app/en/pal/herbil,0,11,0,24.3
https://palworld-chi.vercel.app/en/pal/hoodle,0,1,0,34
https://palworld-chi.vercel.app/en/pal/icelyn,0,10,0,23
https://palworld-chi.vercel.app/en/pal/icelyn/location,0,3,0,6
https://palworld-chi.vercel.app/en/pal/incineram-noct/location,0,5,0,6.6
https://palworld-chi.vercel.app/en/pal/jetragon,0,5,0,30
https://palworld-chi.vercel.app/en/pal/jetragon/breeding,0,1,0,10
https://palworld-chi.vercel.app/en/pal/jolthog-cryst,0,8,0,11.9
https://palworld-chi.vercel.app/en/pal/jormuntide/location,0,230,0,9.9
https://palworld-chi.vercel.app/en/pal/katress,0,4,0,4.2
https://palworld-chi.vercel.app/en/pal/katress-ignis/location,0,44,0,13.5
https://palworld-chi.vercel.app/en/pal/kikit,0,7,0,22.6
https://palworld-chi.vercel.app/en/pal/kingpaca-cryst,0,7,0,8.7
https://palworld-chi.vercel.app/en/pal/kingpaca-cryst/location,0,36,0,8.8
https://palworld-chi.vercel.app/en/pal/kitsun-noct,0,29,0,25.3
https://palworld-chi.vercel.app/en/pal/kitsun/location,0,7,0,29.9
https://palworld-chi.vercel.app/en/pal/knocklem,0,48,0,12.9
https://palworld-chi.vercel.app/en/pal/knocklem-ignis,0,21,0,16.0
https://palworld-chi.vercel.app/en/pal/lamball,0,9,0,6.6
https://palworld-chi.vercel.app/en/pal/lapure,0,29,0,16.4
https://palworld-chi.vercel.app/en/pal/lifmunk/breeding,0,3,0,21.3
https://palworld-chi.vercel.app/en/pal/loupmoon,0,1,0,11
https://palworld-chi.vercel.app/en/pal/lovander,0,104,0,20.6
https://palworld-chi.vercel.app/en/pal/lullu/location,0,9,0,7.3
https://palworld-chi.vercel.app/en/pal/lunaris,0,12,0,21.3
https://palworld-chi.vercel.app/en/pal/lyleen/breeding,0,16,0,14.8
https://palworld-chi.vercel.app/en/pal/mammorest,0,7,0,29.7
https://palworld-chi.vercel.app/en/pal/mammorest-cryst/location,0,17,0,8.2
https://palworld-chi.vercel.app/en/pal/maraith,0,37,0,11.7
https://palworld-chi.vercel.app/en/pal/melpaca,0,2,0,34.5
https://palworld-chi.vercel.app/en/pal/moldron,0,15,0,20.9
https://palworld-chi.vercel.app/en/pal/moldron-cryst,0,13,0,23.2
https://palworld-chi.vercel.app/en/pal/mossanda,0,1,0,1
https://palworld-chi.vercel.app/en/pal/mossanda/location,0,34,0,15.2
https://palworld-chi.vercel.app/en/pal/muffly/breeding,0,9,0,8.6
https://palworld-chi.vercel.app/en/pal/munchill,0,36,0,6.7
https://palworld-chi.vercel.app/en/pal/mycora,0,15,0,11
https://palworld-chi.vercel.app/en/pal/necromus/breeding,0,10,0,20.9
https://palworld-chi.vercel.app/en/pal/needoll,0,4,0,6.8
https://palworld-chi.vercel.app/en/pal/needoll/breeding,0,1,0,8
https://palworld-chi.vercel.app/en/pal/neptilius/location,0,191,0,8.1
https://palworld-chi.vercel.app/en/pal/nitemary/breeding,0,1,0,10
https://palworld-chi.vercel.app/en/pal/omascul,0,47,0,9.0
https://palworld-chi.vercel.app/en/pal/ophydia,0,67,0,10.3
https://palworld-chi.vercel.app/en/pal/paladius/location,0,24,0,12.3
https://palworld-chi.vercel.app/en/pal/panthalus/location,0,4,0,8.2
https://palworld-chi.vercel.app/en/pal/pengullet,0,6,0,7.8
https://palworld-chi.vercel.app/en/pal/pengullet-lux,0,1,0,2
https://palworld-chi.vercel.app/en/pal/penking,0,23,0,25.5
https://palworld-chi.vercel.app/en/pal/petallia-ignis,0,16,0,10.5
https://palworld-chi.vercel.app/en/pal/petallia/breeding,0,4,0,9
https://palworld-chi.vercel.app/en/pal/pierdon,0,6,0,8.7
https://palworld-chi.vercel.app/en/pal/prixter-lux/location,0,12,0,5.4
https://palworld-chi.vercel.app/en/pal/prunelia,0,31,0,13.0
https://palworld-chi.vercel.app/en/pal/puffolt,0,2,0,10.5
https://palworld-chi.vercel.app/en/pal/puffolt/location,0,3,0,5.3
https://palworld-chi.vercel.app/en/pal/quivern,0,26,0,9.3
https://palworld-chi.vercel.app/en/pal/quivern-botan,0,4,0,16.5
https://palworld-chi.vercel.app/en/pal/ragnahawk,0,8,0,32.2
https://palworld-chi.vercel.app/en/pal/rayhound,0,22,0,40.5
https://palworld-chi.vercel.app/en/pal/rayhound-cryst,0,9,0,36.3
https://palworld-chi.vercel.app/en/pal/rayhound/location,0,7,0,46.3
https://palworld-chi.vercel.app/en/pal/reindrix/location,0,4,0,21.5
https://palworld-chi.vercel.app/en/pal/relaxaurus-lux,0,2,0,32
https://palworld-chi.vercel.app/en/pal/renjishi,0,10,0,40.2
https://palworld-chi.vercel.app/en/pal/reptyro,0,14,0,17.2
https://palworld-chi.vercel.app/en/pal/reptyro-cryst,0,9,0,20.9
https://palworld-chi.vercel.app/en/pal/reptyro/location/,0,1,0,1
https://palworld-chi.vercel.app/en/pal/ribbuny,0,21,0,11.7
https://palworld-chi.vercel.app/en/pal/ribbuny-botan,0,1,0,4
https://palworld-chi.vercel.app/en/pal/rooby,0,4,0,12.8
https://palworld-chi.vercel.app/en/pal/selyne,0,56,0,16.7
https://palworld-chi.vercel.app/en/pal/shadowbeak,0,42,0,29.8
https://palworld-chi.vercel.app/en/pal/shaolong,0,45,0,15.6
https://palworld-chi.vercel.app/en/pal/shroomer,0,20,0,12.4
https://palworld-chi.vercel.app/en/pal/shroomer/breeding,0,5,0,7
https://palworld-chi.vercel.app/en/pal/sibelyx-primo,0,15,0,11.1
https://palworld-chi.vercel.app/en/pal/sibelyx/location,0,26,0,27
https://palworld-chi.vercel.app/en/pal/skutlass,0,20,0,17.7
https://palworld-chi.vercel.app/en/pal/smokie,0,22,0,13.1
https://palworld-chi.vercel.app/en/pal/smokie-cryst,0,1,0,41
https://palworld-chi.vercel.app/en/pal/smokie/location,0,14,0,6.9
https://palworld-chi.vercel.app/en/pal/snock-lux,0,7,0,6
https://palworld-chi.vercel.app/en/pal/snugloo,0,1,0,11
https://palworld-chi.vercel.app/en/pal/solenne,0,41,0,9.6
https://palworld-chi.vercel.app/en/pal/solmora-lux,0,2,0,3.5
https://palworld-chi.vercel.app/en/pal/sootseer,0,23,0,23.3
https://palworld-chi.vercel.app/en/pal/sparkit,0,22,0,13.2
https://palworld-chi.vercel.app/en/pal/splatterina,0,3,0,34.3
https://palworld-chi.vercel.app/en/pal/starryon,0,12,0,24.5
https://palworld-chi.vercel.app/en/pal/starryon-primo/location,0,13,0,12.8
https://palworld-chi.vercel.app/en/pal/suzaku,0,16,0,16.2
https://palworld-chi.vercel.app/en/pal/suzaku-aqua,0,7,0,5.9
https://palworld-chi.vercel.app/en/pal/tanzee,0,11,0,12.2
https://palworld-chi.vercel.app/en/pal/tarantriss,0,2,0,6
https://palworld-chi.vercel.app/en/pal/tocotoco,0,29,0,8.5
https://palworld-chi.vercel.app/en/pal/tropicaw,0,31,0,7.8
https://palworld-chi.vercel.app/en/pal/turtacle/breeding,0,12,0,23.2
https://palworld-chi.vercel.app/en/pal/univolt-cryst,0,26,0,8.8
https://palworld-chi.vercel.app/en/pal/univolt/breeding,0,4,0,8
https://palworld-chi.vercel.app/en/pal/vanwyrm,0,7,0,10.1
https://palworld-chi.vercel.app/en/pal/vanwyrm-cryst,0,5,0,9.2
https://palworld-chi.vercel.app/en/pal/venusa,0,9,0,16
https://palworld-chi.vercel.app/en/pal/warsect,0,1,0,6
https://palworld-chi.vercel.app/en/pal/warsect-terra,0,20,0,16.2
https://palworld-chi.vercel.app/en/pal/whalaska-ignis,0,5,0,37.8
https://palworld-chi.vercel.app/en/pal/wispaw,0,1,0,7
https://palworld-chi.vercel.app/en/pal/xenogard,0,6,0,9.2
https://palworld-chi.vercel.app/en/pal/xenogard/location,0,17,0,13
https://palworld-chi.vercel.app/en/pal/xenolord,0,16,0,9.1
https://palworld-chi.vercel.app/en/pal/yakumo,0,11,0,10.5
