date,query,clicks,impressions,ctr,position
2026-09-13,world tree bosses palworld,1,5,0.2,7.2
2026-09-14,8th key sphere palworld,1,1,1,6
2026-09-14,penking palworld location,1,1,1,7
2026-09-14,world tree bosses palworld,1,8,0.125,8.9
2026-09-16,palworld blazamut spawn location,1,1,1,8
2026-09-17,palworld world tree boss rush,1,1,1,5
2026-09-19,palworld anubis,1,1,1,38
2026-09-24,palworld endgame guide,1,2,0.5,7.5
2026-09-24,reptyro palworld location,1,1,1,11
2026-09-25,palworld world tree bosses list,1,1,1,7
2026-09-27,palworld world tree bosses,1,5,0.2,7.2
2026-09-29,palworld world tree mini bosses,1,1,1,1
2026-09-30,palworld endgame guide,1,2,0.5,6.5
2026-09-30,world tree boss,1,2,0.5,7
2026-10-01,palworld endgame guide,1,1,1,6
2026-10-03,palworld world tree mini bosses,1,3,0.3333,3.7
2026-09-08,palworld passives list,0,1,0,75
2026-09-08,palworld 賺錢,0,2,0,7
2026-09-09,silver palworld,0,1,0,27
2026-09-09,팰월드 채집 오브젝트 생성 간격,0,1,0,65
2026-09-11,blazamut spawn location,0,1,0,8
2026-09-11,bushi noct palworld,0,1,0,60
2026-09-11,world tree final boss weakness,0,1,0,11
2026-09-12,all world tree bosses palworld,0,1,0,10
2026-09-12,astegon location,0,1,0,10
2026-09-12,astegon location palworld,0,2,0,9.5
2026-09-12,astegon palworld location,0,2,0,6
2026-09-12,jormuntide spawn,0,2,0,11
2026-09-12,mossanda location,0,1,0,50
2026-09-12,mossanda palworld location,0,1,0,46
2026-09-12,neptilius palworld location,0,2,0,8.5
2026-09-12,palworld breeding,0,1,0,91
2026-09-12,palworld endgame equipment,0,1,0,2
2026-09-12,palworld world tree,0,1,0,32
2026-09-12,palworld world tree all bosses,0,1,0,7
2026-09-12,palworld world tree blueprints,0,1,0,7
2026-09-12,palworld world tree guide,0,1,0,11
2026-09-12,what level are the pals in the world tree,0,2,0,8.5
2026-09-12,what level is the world tree palworld,0,1,0,8
2026-09-12,where to catch mossanda palworld,0,1,0,10
2026-09-12,where to find mossanda palworld,0,2,0,8.5
2026-09-12,where to find paladius,0,1,0,14
2026-09-12,world tree boss weakness palworld,0,1,0,11
2026-09-12,world tree bosses palworld,0,2,0,7
2026-09-12,world tree guide palworld,0,1,0,10
2026-09-13,astegon location,0,9,0,8.9
2026-09-13,astegon location palworld,0,5,0,8.2
2026-09-13,astegon not spawning palworld,0,1,0,9
2026-09-13,astegon palworld location,0,7,0,8.1
2026-09-13,astegon palworld spawn,0,1,0,6
2026-09-13,blazamut location,0,1,0,7
2026-09-13,blazamut spawn,0,2,0,9
2026-09-13,blazamut spawn location,0,1,0,10
2026-09-13,blazamut spawn location palworld,0,1,0,10
2026-09-13,bushi palworld,0,1,0,6
2026-09-13,dupin palworld,0,2,0,10.5
2026-09-13,eidrolon meteor rain,0,1,0,7
2026-09-13,eidrolon type,0,2,0,8
2026-09-13,foxcicle,0,1,0,69
2026-09-13,foxcicle boss location,0,2,0,10
2026-09-13,foxicle location,0,1,0,9
2026-09-13,foxicle spawn,0,1,0,10
2026-09-13,gildra palworld,0,1,0,28
2026-09-13,ground type pals world tree,0,1,0,10
2026-09-13,how to find astegon palworld,0,1,0,16
2026-09-13,jormuntide location,0,2,0,9.5
2026-09-13,jormuntide location map,0,1,0,11
2026-09-13,jormuntide location palworld,0,1,0,10
2026-09-13,jormuntide spawn,0,3,0,10.3
2026-09-13,jormuntide spawn location,0,1,0,9
2026-09-13,knocklem,0,1,0,64
2026-09-13,liberated pterosaur palworld,0,1,0,9
2026-09-13,lovander palworld,0,1,0,10
2026-09-13,lullu palworld 1.0 location,0,1,0,8
2026-09-13,neptilius palworld location,0,6,0,7.8
2026-09-13,neptilius spawn palworld,0,1,0,11
2026-09-13,neptilius where to find,0,1,0,7
2026-09-13,palword lovander,0,1,0,9
2026-09-13,palworld astegon location,0,3,0,12.3
2026-09-13,palworld astegon spawn,0,1,0,10
2026-09-13,palworld bushi noct,0,1,0,65
2026-09-13,palworld end game materials,0,1,0,5
2026-09-13,palworld end game weapons,0,1,0,39
2026-09-13,palworld endgame,0,1,0,8
2026-09-13,palworld endgame gear,0,1,0,5
2026-09-13,palworld endgame guide,0,4,0,6.5
2026-09-13,palworld endgame materials,0,2,0,6
2026-09-13,palworld final boss world tree,0,1,0,11
2026-09-13,palworld foxcicle,0,1,0,76
2026-09-13,palworld foxcicle boss location,0,3,0,8.7
2026-09-13,palworld hard mode world tree,0,1,0,5
2026-09-13,palworld jormuntide location,0,4,0,19.2
2026-09-13,palworld jormuntide spawn,0,1,0,11
2026-09-13,palworld late game materials,0,1,0,6
2026-09-13,palworld lovander,0,1,0,61
2026-09-13,palworld mammorest,0,1,0,43
2026-09-13,palworld neptilius location,0,4,0,8.2
2026-09-13,palworld neptilus location,0,1,0,6
2026-09-13,palworld rayhound,0,1,0,64
2026-09-13,palworld tower 8,0,1,0,10
2026-09-13,palworld where to find mossanda,0,1,0,9
2026-09-13,palworld world tree boss type,0,1,0,7
2026-09-13,palworld world tree electric pals,0,2,0,8
2026-09-13,palworld world tree final boss weakness,0,2,0,9.5
2026-09-13,palworld world tree guide,0,3,0,9
2026-09-13,palworld world tree mini bosses,0,3,0,6.7
2026-09-13,palworld world tree progression,0,1,0,11
2026-09-13,palworld 金幣,0,2,0,8
2026-09-13,shadow beak,0,1,0,32
2026-09-13,solenne best moveset,0,1,0,11
2026-09-13,what level for world tree palworld,0,2,0,10
2026-09-13,what type is dandilord,0,1,0,10
2026-09-13,where can i find mossanda in palworld,0,1,0,9
2026-09-13,where to find eikthyrdeer,0,1,0,7
2026-09-13,world tree awakened pal spawns,0,2,0,9
2026-09-13,world tree boss pals,0,1,0,11
2026-09-13,world tree boss palworld,0,4,0,7
2026-09-13,world tree electric pals,0,1,0,11
2026-09-13,world tree guide palworld,0,1,0,7
2026-09-13,world tree towers palworld,0,1,0,11
2026-09-13,xenogard palworld location,0,1,0,46
2026-09-14,astegon location,0,14,0,8.4
2026-09-14,astegon location palworld,0,7,0,8.1
2026-09-14,astegon palworld location,0,10,0,7.5
2026-09-14,astegon palworld location map,0,2,0,23
2026-09-14,astegon spawn,0,1,0,9
2026-09-14,blazamut spawn locations,0,1,0,8
2026-09-14,blazmut location,0,1,0,11
2026-09-14,bushi palword,0,1,0,7
2026-09-14,bushi palworld,0,1,0,7
2026-09-14,dinossom,0,1,0,61
2026-09-14,dupin palworld,0,1,0,26
2026-09-14,eidrolon aqua palworld,0,1,0,10
2026-09-14,eidrolon type,0,1,0,5
2026-09-14,eikthyrdeer where to find,0,1,0,6
2026-09-14,electric pals world tree,0,2,0,8.5
2026-09-14,end game palworld,0,1,0,10
2026-09-14,endgame accessories palworld,0,1,0,11
2026-09-14,faleris,0,1,0,11
2026-09-14,fire pals world tree,0,1,0,10
2026-09-14,foxcicle palworld boss location,0,1,0,11
2026-09-14,frostallion noct location,0,1,0,68
2026-09-14,ground pals in the world tree,0,1,0,10
2026-09-14,hartalis,0,1,0,34
2026-09-14,icelyn,0,1,0,106
2026-09-14,jormuntide location,0,7,0,8.1
2026-09-14,jormuntide location palworld,0,1,0,10
2026-09-14,jormuntide palworld location,0,2,0,9
2026-09-14,jormuntide spawn,0,2,0,14.5
2026-09-14,jormuntidelocation,0,1,0,9
2026-09-14,kitsun noct cave entrance,0,1,0,48
2026-09-14,lovander palworld,0,1,0,61
2026-09-14,lovander palworld description,0,1,0,69
2026-09-14,lovander sus,0,1,0,45
2026-09-14,lullu palworld 1.0 location,0,1,0,9
2026-09-14,mossanda forest palworld,0,1,0,45
2026-09-14,neptilius location palworld,0,1,0,8
2026-09-14,neptilius palworld location,0,7,0,13.4
2026-09-14,neptilius spawn palworld,0,1,0,9
2026-09-14,pal bushi,0,1,0,11
2026-09-14,palworld 8 türme,0,1,0,10
2026-09-14,palworld astegon location,0,5,0,13
2026-09-14,palworld astegon spawn,0,1,0,10
2026-09-14,palworld dogen,0,1,0,69
2026-09-14,palworld dupin work,0,1,0,9
2026-09-14,palworld endgame gear,0,1,0,1
2026-09-14,palworld endgame guide,0,1,0,6
2026-09-14,palworld foxcicle boss location,0,1,0,6
2026-09-14,palworld foxcicle location,0,1,0,53
2026-09-14,palworld gorirat,0,1,0,59
2026-09-14,palworld hartalis,0,1,0,28
2026-09-14,palworld jormuntide location,0,14,0,9.6
2026-09-14,palworld jormuntide spawn,0,1,0,11
2026-09-14,palworld kikit,0,1,0,60
2026-09-14,palworld late game materials,0,1,0,5
2026-09-14,palworld neptilius island,0,1,0,10
2026-09-14,palworld neptilius location,0,3,0,8
2026-09-14,palworld penking location,0,1,0,9
2026-09-14,palworld penking location map,0,2,0,10.5
2026-09-14,palworld reindrix,0,1,0,61
2026-09-14,palworld shadowbeak world tree,0,2,0,7
2026-09-14,palworld where to get neptilius,0,1,0,9
2026-09-14,palworld wiki dupin,0,1,0,5
2026-09-14,palworld world tree awakening,0,1,0,11
2026-09-14,palworld world tree boss guide,0,1,0,6
2026-09-14,palworld world tree boss weakness,0,1,0,8
2026-09-14,palworld world tree electric pals,0,1,0,9
2026-09-14,palworld world tree level,0,1,0,10
2026-09-14,penking location palworld,0,2,0,8.5
2026-09-14,ragnahawk,0,2,0,38.5
2026-09-14,shadowbeak,0,2,0,8
2026-09-14,toca toca palworld,0,1,0,10
2026-09-14,where do i get neptilius,0,1,0,9
2026-09-14,where is neptilus,0,1,0,7
2026-09-14,where to find eikthyrdeer,0,1,0,9
2026-09-14,where to find neptilius palworld,0,4,0,7
2026-09-14,world tree boss pals,0,1,0,11
2026-09-14,world tree palworld wiki,0,1,0,6
2026-09-14,xenogard location palworld 1.0,0,1,0,10
2026-09-15,80,0,1,0,3
2026-09-15,all bosses in the world tree palworld,0,1,0,7
2026-09-15,all pals found in the world tree,0,2,0,26.5
2026-09-15,alpha penking location,0,1,0,9
2026-09-15,astegon location,0,6,0,8.8
2026-09-15,astegon location palworld,0,2,0,7.5
2026-09-15,astegon palworld location,0,13,0,10.4
2026-09-15,beegarde palworld,0,1,0,65
2026-09-15,blazamut palworld,0,1,0,64
2026-09-15,dandilord wiki,0,1,0,9
2026-09-15,dazzi noct,0,1,0,55
2026-09-15,eidrolo,0,1,0,11
2026-09-15,eidrolon meteor rain,0,1,0,7
2026-09-15,faleris,0,1,0,10
2026-09-15,faleris palworld,0,1,0,52
2026-09-15,flarecle palworld,0,1,0,8
2026-09-15,gorirat terra palworld,0,1,0,66
2026-09-15,ground pals world tree,0,1,0,11
2026-09-15,jormentide location,0,1,0,10
2026-09-15,jormuntide location,0,5,0,7.4
2026-09-15,jormuntide location map,0,1,0,9
2026-09-15,jormuntide location palworld,0,3,0,9.3
2026-09-15,jormuntide palworld location,0,1,0,6
2026-09-15,kitsun noct cave entrance,0,1,0,45
2026-09-15,kitsun noct palworld,0,2,0,50.5
2026-09-15,lapure build,0,1,0,6
2026-09-15,long sleeved hurray palworld,0,1,0,9
2026-09-15,love lander palworld,0,1,0,10
2026-09-15,neptilius boss location,0,1,0,10
2026-09-15,neptilius island,0,1,0,7
2026-09-15,neptilius island palworld,0,2,0,7.5
2026-09-15,neptilius palworld location,0,1,0,7
2026-09-15,neptillius location,0,1,0,8
2026-09-15,pal world end game,0,1,0,8
2026-09-15,palworld astegon location,0,4,0,9.8
2026-09-15,palworld blazamut,0,2,0,49.5
2026-09-15,palworld bushi,0,2,0,40
2026-09-15,palworld cinnamoth,0,1,0,27
2026-09-15,palworld end game armor,0,1,0,11
2026-09-15,palworld endgame,0,1,0,10
2026-09-15,palworld endgame accessories,0,4,0,8
2026-09-15,palworld endgame gear,0,1,0,5
2026-09-15,palworld endgame guide,0,4,0,6.5
2026-09-15,palworld jormuntide location,0,6,0,9
2026-09-15,palworld knocklem,0,1,0,61
2026-09-15,palworld lovander,0,2,0,33
2026-09-15,palworld mammorest,0,3,0,45.7
2026-09-15,palworld neptilius location,0,7,0,8.1
2026-09-15,palworld ophydia speed,0,1,0,11
2026-09-15,palworld penking,0,2,0,38.5
2026-09-15,palworld penking location map,0,1,0,10
2026-09-15,palworld rayhound,0,1,0,37
2026-09-15,palworld shadowbeak,0,2,0,34.5
2026-09-15,palworld where to find penking,0,2,0,10
2026-09-15,palworld where to get neptilius,0,2,0,8
2026-09-15,palworld world tree,0,3,0,27.7
2026-09-15,palworld world tree boss guide,0,1,0,11
2026-09-15,palworld world tree boss locations,0,1,0,8
2026-09-15,palworld world tree mini bosses,0,1,0,4
2026-09-15,palworld world tree pals,0,1,0,24
2026-09-15,palworld world tree quest,0,1,0,10
2026-09-15,palworld world tree wiki,0,2,0,5.5
2026-09-15,penking location,0,1,0,7
2026-09-15,penking location palworld,0,2,0,9.5
2026-09-15,quivern world tree,0,1,0,11
2026-09-15,ragnahawk,0,1,0,62
2026-09-15,shadowbeak,0,1,0,24
2026-09-15,shadowbeak palworld,0,1,0,34
2026-09-15,skutlass partner skill,0,1,0,10
2026-09-15,what kind of pal is hartalis,0,1,0,10
2026-09-15,where to catch penking,0,2,0,10
2026-09-15,where to find eikthyrdeer,0,1,0,7
2026-09-15,where to find neptilius,0,1,0,10
2026-09-15,where to find neptilius palworld,0,4,0,7
2026-09-15,where to get neptilius palworld,0,1,0,8
2026-09-15,world tree boss pals,0,1,0,9
2026-09-15,world tree bosses palworld,0,2,0,5
2026-09-15,world tree guide palworld,0,1,0,9
2026-09-15,world tree palworld wiki,0,2,0,6.5
2026-09-15,스폰 위치,0,1,0,3
2026-09-16,all bosses world tree palworld,0,1,0,6
2026-09-16,astegon location,0,11,0,8.5
2026-09-16,astegon location palworld,0,6,0,6.7
2026-09-16,astegon palworld location,0,4,0,8.2
2026-09-16,astegon palworld location map,0,1,0,9
2026-09-16,astegon spawn palworld,0,1,0,10
2026-09-16,blazamut,0,1,0,72
2026-09-16,bushi palworld,0,3,0,40.7
2026-09-16,cinamoth,0,1,0,9
2026-09-16,cineoth palworld,0,1,0,9
2026-09-16,doopin palworld,0,1,0,7
2026-09-16,eirdrolon,0,1,0,8
2026-09-16,eldrolon,0,1,0,8
2026-09-16,faleris,0,5,0,9.4
2026-09-16,fenglope,0,1,0,65
2026-09-16,gobfin,0,1,0,11
2026-09-16,hartalis palworld,0,2,0,28
2026-09-16,jetragon palworld,0,1,0,33
2026-09-16,jormuntide location,0,9,0,9
2026-09-16,jormuntide location palworld,0,1,0,9
2026-09-16,jormuntide palworld location,0,1,0,8
2026-09-16,kingpaca cryst location,0,2,0,8.5
2026-09-16,kingpaca cryst location palworld,0,1,0,8
2026-09-16,loop moon palworld,0,1,0,11
2026-09-16,lovander palworld,0,1,0,27
2026-09-16,mossanda location palworld,0,1,0,50
2026-09-16,mossanda palworld location map,0,1,0,53
2026-09-16,neptilius palworld location,0,1,0,8
2026-09-16,neptilius spawn palworld,0,1,0,10
2026-09-16,neptillius location,0,1,0,9
2026-09-16,pal breeding,0,1,0,75
2026-09-16,palworld 1.0 xenogard location,0,1,0,6
2026-09-16,palworld all bosses in world tree,0,1,0,10
2026-09-16,palworld astegon location,0,4,0,7.5
2026-09-16,palworld best world tree pals,0,1,0,24
2026-09-16,palworld blazamut spawn,0,1,0,10
2026-09-16,palworld boss world tree,0,1,0,9
2026-09-16,palworld cinnamoth condensed,0,1,0,9
2026-09-16,palworld end game accessories,0,1,0,9
2026-09-16,palworld endgame checklist,0,1,0,7
2026-09-16,palworld endgame equipment,0,2,0,3.5
2026-09-16,palworld endgame gear,0,1,0,5
2026-09-16,palworld endgame guide,0,1,0,6
2026-09-16,palworld final boss world tree,0,1,0,10
2026-09-16,palworld jormuntide location,0,7,0,8.4
2026-09-16,palworld jormuntide spawn location,0,2,0,10
2026-09-16,palworld katress ignis location,0,1,0,50
2026-09-16,palworld kikit,0,1,0,56
2026-09-16,palworld kingpaca cryst location,0,1,0,8
2026-09-16,palworld kitsun noct,0,1,0,52
2026-09-16,palworld mobile,0,1,0,8
2026-09-16,palworld penking,0,1,0,39
2026-09-16,palworld penking location map,0,2,0,11
2026-09-16,palworld rayhound,0,1,0,59
2026-09-16,palworld relaxaurus lux location,0,1,0,61
2026-09-16,palworld reptyro location,0,1,0,8
2026-09-16,palworld shadowbeak,0,1,0,11
2026-09-16,palworld sibelyx location,0,1,0,55
2026-09-16,palworld tocotoco,0,1,0,11
2026-09-16,palworld where to get neptilius,0,1,0,8
2026-09-16,palworld wiki dupin,0,1,0,10
2026-09-16,palworld wiki item,0,1,0,10
2026-09-16,palworld world tree,0,1,0,27
2026-09-16,palworld world tree all bosses,0,3,0,6.3
2026-09-16,palworld world tree boss weakness,0,1,0,9
2026-09-16,palworld world tree level,0,1,0,10
2026-09-16,palworld world tree quests,0,2,0,8
2026-09-16,palworld world tree tower boss,0,1,0,9
2026-09-16,pengking,0,1,0,51
2026-09-16,penking location,0,3,0,7.3
2026-09-16,penking location palworld,0,1,0,10
2026-09-16,penking palworld location,0,1,0,7
2026-09-16,rayhound,0,1,0,67
2026-09-16,reptyro location,0,3,0,8.3
2026-09-16,reptyro location palworld,0,2,0,9
2026-09-16,reptyro pal location,0,1,0,10
2026-09-16,shadowbeak,0,2,0,30.5
2026-09-16,where can i find neptilius palworld,0,1,0,8
2026-09-16,where does astegon spawn,0,1,0,9
2026-09-16,where does frostallion noct spawn,0,1,0,11
2026-09-16,where to find astegon,0,1,0,11
2026-09-16,where to find bushi,0,1,0,51
2026-09-16,where to find frostallion noct,0,1,0,9
2026-09-16,where to find mossanda,0,1,0,39
2026-09-16,where to find neptilius,0,1,0,8
2026-09-16,where to find penking palworld,0,1,0,29
2026-09-16,where to get neptilius,0,1,0,7
2026-09-16,world tree boss palworld,0,2,0,9
2026-09-16,world tree boss weakness palworld,0,1,0,11
2026-09-16,world tree bosses palworld,0,2,0,7
2026-09-16,world tree final boss weakness,0,1,0,9
2026-09-16,world tree pal types,0,1,0,9
2026-09-17,all bosses in world tree palworld,0,1,0,9
2026-09-17,anubis palworld,0,1,0,29
2026-09-17,astegon location,0,4,0,8.2
2026-09-17,astegon location palworld,0,5,0,7.8
2026-09-17,astegon not spawning,0,1,0,6
2026-09-17,astegon palworld,0,1,0,63
2026-09-17,astegon palworld location,0,5,0,9.6
2026-09-17,beegarde palworld,0,1,0,73
2026-09-17,cinamoth,0,1,0,11
2026-09-17,cinnamoth location,0,1,0,62
2026-09-17,dandilord dance,0,1,0,29
2026-09-17,eidrolon type,0,1,0,6
2026-09-17,electric pals world tree,0,2,0,7
2026-09-17,faeleris,0,1,0,9
2026-09-17,frostallion noct coordinates,0,1,0,11
2026-09-17,frostplume location,0,1,0,52
2026-09-17,helzephyr speed,0,1,0,67
2026-09-17,how to breed rayhound in palworld,0,1,0,59
2026-09-17,how to get to kitsun noct,0,1,0,54
2026-09-17,how to get xenogard,0,1,0,11
2026-09-17,icelyn,0,1,0,48
2026-09-17,jormuntide location,0,1,0,10
2026-09-17,jormuntide palworld location,0,2,0,6.5
2026-09-17,kingpaca cryst location,0,1,0,8
2026-09-17,kingpaca cryst palworld location,0,1,0,10
2026-09-17,lapure build,0,1,0,5
2026-09-17,lovander,0,1,0,66
2026-09-17,omascul passive,0,1,0,8
2026-09-17,palworld anubis,0,1,0,34
2026-09-17,palworld astegon location,0,3,0,8.7
2026-09-17,palworld blazamut spawn location,0,1,0,10
2026-09-17,palworld bushi,0,1,0,42
2026-09-17,palworld dupin,0,1,0,28
2026-09-17,palworld end game guide,0,2,0,8
2026-09-17,palworld endgame equipment,0,1,0,4
2026-09-17,palworld endgame gear,0,2,0,2.5
2026-09-17,palworld frostallion noct boss location,0,1,0,11
2026-09-17,palworld how to breed grizzbolt,0,1,0,58
2026-09-17,palworld jetragon,0,1,0,41
2026-09-17,palworld jormuntide location,0,5,0,9.8
2026-09-17,palworld kingpaca cryst location,0,1,0,10
2026-09-17,palworld moth,0,2,0,9
2026-09-17,palworld mysterious scales,0,1,0,11
2026-09-17,palworld penking location map,0,1,0,11
2026-09-17,palworld reptyro location,0,1,0,11
2026-09-17,palworld world tree bosses,0,1,0,7
2026-09-17,penking location palworld,0,1,0,10
2026-09-17,penking location palworld 1.0,0,1,0,10
2026-09-17,penking spawn,0,1,0,10
2026-09-17,ragnahawk,0,1,0,60
2026-09-17,reptyro palworld location,0,1,0,1
2026-09-17,reptyro palworld location 1.0,0,2,0,5
2026-09-17,sudsere pal,0,2,0,9.5
2026-09-17,sudsere palworld,0,1,0,11
2026-09-17,suitar palworld,0,1,0,10
2026-09-17,where neptilius palworld,0,1,0,8
2026-09-17,where to find astegon,0,1,0,9
2026-09-17,where to find penking,0,1,0,8
2026-09-17,where to get penking palworld,0,2,0,9
2026-09-17,where to get reptyro palworld,0,1,0,9
2026-09-17,world tree boss,0,1,0,11
2026-09-17,world tree electric pals,0,1,0,9
2026-09-17,world tree palworld wiki,0,1,0,6
2026-09-17,world tree towers,0,2,0,6
2026-09-18,anubis palworld,0,1,0,26
2026-09-18,astegon location,0,6,0,8.5
2026-09-18,astegon location palworld,0,4,0,10
2026-09-18,astegon spawn location,0,1,0,11
2026-09-18,blazamut location,0,1,0,28
2026-09-18,blazamut ryu,0,1,0,62
2026-09-18,breed palworld,0,1,0,82
2026-09-18,breeding palworld,0,1,0,93
2026-09-18,bushi palworld,0,1,0,9
2026-09-18,bushi palworld type,0,1,0,5
2026-09-18,fengelope,0,1,0,65
2026-09-18,flarcale,0,1,0,8
2026-09-18,hartalis palworld,0,1,0,27
2026-09-18,hoodle palworld,0,1,0,34
2026-09-18,how to find kitsun noct palworld,0,1,0,44
2026-09-18,icelyn palworld,0,1,0,28
2026-09-18,jormuntide location,0,4,0,8.5
2026-09-18,jormuntide palworld location,0,2,0,9.5
2026-09-18,katress ignis palworld location,0,1,0,26
2026-09-18,omascu,0,1,0,10
2026-09-18,omaskul,0,1,0,11
2026-09-18,palword end game,0,1,0,6
2026-09-18,palworld 182,0,1,0,10
2026-09-18,palworld astegon location,0,2,0,9
2026-09-18,palworld best end game gear,0,1,0,9
2026-09-18,palworld duppin,0,1,0,25
2026-09-18,palworld endgame,0,2,0,15
2026-09-18,palworld endgame gear,0,1,0,1
2026-09-18,palworld endgame guide,0,1,0,4
2026-09-18,palworld endgame tips,0,1,0,7
2026-09-18,palworld jormuntide location,0,5,0,8.8
2026-09-18,palworld king penguin location,0,1,0,8
2026-09-18,palworld lovander,0,1,0,66
2026-09-18,palworld penking location map,0,1,0,10
2026-09-18,palworld world tree bosses,0,2,0,7
2026-09-18,palworld world tree hard mode,0,1,0,9
2026-09-18,palworld world tree level,0,1,0,9
2026-09-18,penking boss location,0,1,0,9
2026-09-18,penking location palworld,0,2,0,8.5
2026-09-18,primo-tcg-website.vercel.app,0,9,0,11.2
2026-09-18,sootseer breeding,0,1,0,73
2026-09-18,starryon palworld,0,1,0,61
2026-09-18,where can i find neptilius palworld,0,2,0,9
2026-09-18,where to find penking palworld,0,2,0,9.5
2026-09-18,world tree boss pals,0,1,0,9
2026-09-18,world tree bosses palworld,0,1,0,6
2026-09-18,world tree palworld bosses,0,1,0,8
2026-09-19,aegidron,0,1,0,36
2026-09-19,anubis palworld,0,2,0,32
2026-09-19,astegon,0,1,0,66
2026-09-19,astegon location,0,8,0,8.5
2026-09-19,astegon location palworld,0,2,0,10.5
2026-09-19,astegon palworld,0,1,0,68
2026-09-19,astegon palworld location,0,9,0,8.9
2026-09-19,astegon palworld location map,0,1,0,10
2026-09-19,astegon palworld spawn,0,1,0,8
2026-09-19,astegon spawn,0,1,0,8
2026-09-19,beegarde palworld,0,1,0,60
2026-09-19,blazamut palworld,0,1,0,70
2026-09-19,chikipi palworld location,0,1,0,11
2026-09-19,cineot palworld,0,2,0,8.5
2026-09-19,cinnamoth palworld,0,1,0,99
2026-09-19,dupin,0,1,0,11
2026-09-19,eidrolon palworld,0,1,0,48
2026-09-19,give me coordinates,0,1,0,6
2026-09-19,hartilis palworld,0,1,0,30
2026-09-19,jetragon,0,1,0,56
2026-09-19,jormuntide location,0,2,0,8
2026-09-19,jormuntide palworld location,0,4,0,9.5
2026-09-19,kingpaca cryst not spawning,0,1,0,10
2026-09-19,lovander palworld,0,2,0,49.5
2026-09-19,maraith location palworld,0,1,0,63
2026-09-19,neptilus location,0,1,0,11
2026-09-19,omacul,0,1,0,8
2026-09-19,omascule,0,1,0,9
2026-09-19,omaskul,0,2,0,9.5
2026-09-19,palworld astegon location,0,3,0,8.3
2026-09-19,palworld astegon spawn,0,1,0,8
2026-09-19,palworld blazamut location map,0,1,0,50
2026-09-19,palworld elphidran aqua location,0,1,0,63
2026-09-19,palworld endgame,0,3,0,13
2026-09-19,palworld endgame guide,0,1,0,6
2026-09-19,palworld endgame tips,0,1,0,8
2026-09-19,palworld frostplume location,0,1,0,51
2026-09-19,palworld jormuntide location,0,6,0,9.5
2026-09-19,palworld kingpaca cryst location,0,1,0,10
2026-09-19,palworld shadowbeak,0,1,0,28
2026-09-19,palworld where to find penking,0,2,0,9
2026-09-19,palworld world tree boss drops,0,1,0,7
2026-09-19,palworld world tree level,0,1,0,11
2026-09-19,palworld world tree levels,0,1,0,7
2026-09-19,palworld world tree towers,0,1,0,11
2026-09-19,ragnahawk,0,1,0,31
2026-09-19,rayhound breeding,0,1,0,57
2026-09-19,seethers palworld,0,1,0,9
2026-09-19,shadowbeak palworld,0,1,0,63
2026-09-19,suzaku palworld,0,1,0,58
2026-09-19,what element is shadowbeak,0,1,0,11
2026-09-19,what level is astegon,0,1,0,10
2026-09-19,where is penking palworld,0,1,0,8
2026-09-19,where to catch neptilius palworld,0,1,0,8
2026-09-19,where to catch penking palworld,0,1,0,10
2026-09-19,where to find neptilius palworld,0,1,0,9
2026-09-19,where to find penking,0,1,0,11
2026-09-19,world tree palworld wiki,0,1,0,9
2026-09-20,197 palworld,0,1,0,8
2026-09-20,anubis palword,0,2,0,9
2026-09-20,astegon location,0,11,0,9
2026-09-20,astegon location palworld,0,2,0,8
2026-09-20,astegon palworld location,0,13,0,8.5
2026-09-20,astegon spawn,0,1,0,8
2026-09-20,bee guard palworld,0,1,0,63
2026-09-20,blazamut location,0,1,0,9
2026-09-20,blazamut ryu,0,1,0,58
2026-09-20,blazamut spawn,0,1,0,53
2026-09-20,blazamut spawn location,0,2,0,9
2026-09-20,bosses world tree,0,1,0,7
2026-09-20,bushi palworld,0,1,0,53
2026-09-20,eidrolon meteor rain,0,1,0,9
2026-09-20,faleris aqua saddle level,0,1,0,60
2026-09-20,felaris aqua,0,1,0,57
2026-09-20,flareacle,0,1,0,10
2026-09-20,flatacle,0,2,0,10
2026-09-20,frostallion noct palworld location,0,1,0,10
2026-09-20,galeclaw,0,1,0,11
2026-09-20,hartails palworld,0,1,0,31
2026-09-20,jormuntide location,0,5,0,9.4
2026-09-20,jormuntide locations palworld,0,2,0,11
2026-09-20,jormuntide pal location,0,1,0,10
2026-09-20,jormuntide palworld location,0,7,0,9.1
2026-09-20,kingpaca cryst location,0,2,0,10
2026-09-20,lunaris palworld,0,1,0,63
2026-09-20,omascal,0,1,0,11
2026-09-20,omnis skull palworld,0,1,0,10
2026-09-20,other materials palworld,0,1,0,10
2026-09-20,pal astegon location,0,1,0,11
2026-09-20,palworld 1.0 petallia location,0,2,0,9
2026-09-20,palworld anubis,0,1,0,29
2026-09-20,palworld astegon location,0,4,0,8.8
2026-09-20,palworld cinnamoth,0,1,0,29
2026-09-20,palworld dinossom lux,0,1,0,37
2026-09-20,palworld end game accessories,0,1,0,11
2026-09-20,palworld end game materials,0,1,0,6
2026-09-20,palworld endgame,0,1,0,8
2026-09-20,palworld endgame materials,0,1,0,4
2026-09-20,palworld jormuntide location,0,3,0,9.3
2026-09-20,palworld kingpaca cryst location,0,1,0,9
2026-09-20,palworld late game materials,0,2,0,3.5
2026-09-20,palworld lovander,0,1,0,30
2026-09-20,palworld neptilius location,0,2,0,7
2026-09-20,palworld neptilius where to find,0,1,0,7
2026-09-20,palworld penking,0,3,0,31.3
2026-09-20,palworld petallia location,0,3,0,5.7
2026-09-20,palworld prixter lux boss not spawning,0,1,0,4
2026-09-20,palworld reptyro location,0,1,0,8
2026-09-20,palworld shadowbeak,0,1,0,34
2026-09-20,palworld shadowbeak world tree,0,1,0,11
2026-09-20,palworld suzaku,0,1,0,63
2026-09-20,palworld wiki solenne,0,1,0,8
2026-09-20,palworld world tree guide,0,1,0,9
2026-09-20,palworld world tree level,0,1,0,10
2026-09-20,palworld world tree requirements,0,1,0,9
2026-09-20,palworld 攻略,0,1,0,9
2026-09-20,penking location palworld,0,3,0,8
2026-09-20,penking palworld,0,1,0,29
2026-09-20,penking palworld location,0,1,0,11
2026-09-20,petallia palworld location 1.0,0,1,0,9
2026-09-20,ragnahawk,0,1,0,10
2026-09-20,reptyro location,0,1,0,9
2026-09-20,reptyro location palworld,0,1,0,7
2026-09-20,reptyro palworld location,0,2,0,9
2026-09-20,shadowbeak,0,1,0,30
2026-09-20,shadowbeak world tree,0,1,0,11
2026-09-20,sootseer palworld location,0,1,0,57
2026-09-20,starryon mount,0,1,0,11
2026-09-20,where can i find neptilius palworld,0,1,0,11
2026-09-20,where can i find penking in palworld,0,1,0,8
2026-09-20,where does astegon spawn,0,1,0,8
2026-09-20,where is neptillius,0,1,0,6
2026-09-20,where to find astegon,0,1,0,11
2026-09-20,where to find felbat palworld 1.0,0,1,0,9
2026-09-20,where to find penking,0,1,0,9
2026-09-20,world tree boss drops,0,1,0,5
2026-09-20,world tree boss pals,0,1,0,11
2026-09-20,world tree level palworld,0,1,0,11
2026-09-20,world tree palworld wiki,0,1,0,6
2026-09-20,world tree tower boss palworld,0,1,0,10
2026-09-21,amascul,0,1,0,9
2026-09-21,anubis palworld,0,1,0,9
2026-09-21,astegon location,0,6,0,9.8
2026-09-21,astegon location palworld,0,4,0,9.2
2026-09-21,astegon palworld,0,2,0,59.5
2026-09-21,astegon palworld location,0,2,0,10
2026-09-21,astegon palworld location map,0,1,0,8
2026-09-21,astegon palworld spawn,0,1,0,8
2026-09-21,beegarde,0,1,0,27
2026-09-21,blazamut spawn,0,1,0,9
2026-09-21,eidrolon,0,1,0,52
2026-09-21,eidrolon aqua,0,1,0,11
2026-09-21,faleris,0,3,0,10
2026-09-21,faleris aqua,0,1,0,57
2026-09-21,faleris palworld,0,1,0,52
2026-09-21,foxparks cryst location,0,1,0,50
2026-09-21,galeclaw,0,2,0,10
2026-09-21,jormuntide location,0,3,0,26.3
2026-09-21,jormuntide location palworld,0,2,0,10
2026-09-21,jormuntide palworld location,0,1,0,11
2026-09-21,katress ignis palworld,0,1,0,59
2026-09-21,kitsune noct,0,1,0,55
2026-09-21,lovander palworld,0,1,0,57
2026-09-21,lunaris palworld,0,2,0,61
2026-09-21,mycora,0,1,0,39
2026-09-21,neptilius where,0,1,0,6
2026-09-21,no 197 palworld,0,1,0,9
2026-09-21,omascu,0,1,0,10
2026-09-21,other materials palworld,0,1,0,11
2026-09-21,pal bushi,0,1,0,6
2026-09-21,palworld 1.0 frostallion noct location,0,1,0,8
2026-09-21,palworld 1.0 reptyro location,0,1,0,11
2026-09-21,palworld 1.0 where to find felbat,0,1,0,4
2026-09-21,palworld anubis,0,1,0,36
2026-09-21,palworld astegon location,0,9,0,9
2026-09-21,palworld astegon location map,0,1,0,11
2026-09-21,palworld breeding calculator 1.0,0,2,0,51
2026-09-21,palworld endgame,0,2,0,11
2026-09-21,palworld endgame guide,0,1,0,6
2026-09-21,palworld frostallion noct boss location,0,1,0,8
2026-09-21,palworld hartalis,0,1,0,30
2026-09-21,palworld helzephyr lux,0,2,0,64.5
2026-09-21,palworld jormuntide location,0,4,0,11
2026-09-21,palworld kingpaca cryst location,0,1,0,10
2026-09-21,palworld neptilius finden,0,1,0,9
2026-09-21,palworld other materials,0,1,0,7
2026-09-21,palworld scutless,0,1,0,9
2026-09-21,palworld wiki solenne,0,1,0,10
2026-09-21,palworld world tree bosses,0,1,0,9
2026-09-21,palworld world tree bosses list,0,1,0,11
2026-09-21,palworld world tree wiki,0,1,0,5
2026-09-21,penking location palworld,0,1,0,7
2026-09-21,petallia location palworld 1.0,0,2,0,9.5
2026-09-21,petallia palworld 1.0 location,0,1,0,8
2026-09-21,petallia palworld location 1.0,0,2,0,9
2026-09-21,prixter lux boss not spawning,0,1,0,5
2026-09-21,rayhound palworld,0,3,0,75.3
2026-09-21,reptyro location,0,4,0,9.8
2026-09-21,reptyro location palworld,0,1,0,7
2026-09-21,reptyro palworld location,0,3,0,7.7
2026-09-21,sootseer,0,1,0,60
2026-09-21,where to catch penking,0,1,0,11
2026-09-21,where to find felbat palworld 1.0,0,1,0,9
2026-09-21,where to find frostallion noct palworld,0,1,0,65
2026-09-21,where to find kingpaca cryst palworld,0,2,0,9
2026-09-21,where to find penking,0,1,0,16
2026-09-21,where to find penking palworld,0,1,0,9
2026-09-21,where to find reptyro,0,1,0,11
2026-09-21,world tree bosses,0,1,0,7
2026-09-21,world tree palworld level,0,1,0,8
2026-09-22,astegon location,0,5,0,9.2
2026-09-22,astegon palworld,0,1,0,67
2026-09-22,astegon palworld location,0,1,0,11
2026-09-22,astegon spawn,0,1,0,8
2026-09-22,blazamut spawn location,0,1,0,9
2026-09-22,broncherry location,0,3,0,8.7
2026-09-22,broncherry location palworld,0,1,0,7
2026-09-22,broncherry locations,0,1,0,11
2026-09-22,bushi palworld,0,1,0,10
2026-09-22,chikipi location,0,1,0,11
2026-09-22,chikipi location palworld,0,1,0,10
2026-09-22,chikipi palworld location,0,2,0,10.5
2026-09-22,cinamoth,0,1,0,9
2026-09-22,faleis,0,1,0,71
2026-09-22,faleris,0,5,0,9.4
2026-09-22,flarecle,0,2,0,6
2026-09-22,frostallion noct,0,1,0,62
2026-09-22,galeclaw,0,1,0,8
2026-09-22,gobfin,0,1,0,9
2026-09-22,hartalis,0,1,0,8
2026-09-22,jormuntide location,0,3,0,9.3
2026-09-22,jormuntide palworld location,0,2,0,9
2026-09-22,kitsun,0,1,0,65
2026-09-22,lovander palworld location,0,1,0,66
2026-09-22,neptilius where to find,0,1,0,8
2026-09-22,omnis skull palworld,0,1,0,9
2026-09-22,pal codex,0,1,0,2
2026-09-22,palworld astegon location,0,4,0,8.8
2026-09-22,palworld breeding calculator 1.0 update,0,1,0,59
2026-09-22,palworld broncherry boss not spawning,0,1,0,6
2026-09-22,palworld broncherry location,0,1,0,8
2026-09-22,palworld endgame,0,3,0,10.3
2026-09-22,palworld endgame guide,0,2,0,12
2026-09-22,palworld frostallion noct breeding,0,1,0,49
2026-09-22,palworld how to get xenogard,0,1,0,47
2026-09-22,palworld jormuntide location,0,1,0,11
2026-09-22,palworld kingpaca cryst location,0,1,0,9
2026-09-22,palworld lunaris,0,1,0,10
2026-09-22,palworld moth,0,1,0,8
2026-09-22,palworld other materials,0,2,0,10.5
2026-09-22,palworld reptyro location,0,1,0,7
2026-09-22,palworld shadowbeak,0,1,0,61
2026-09-22,palworld world tree boss drops,0,1,0,6
2026-09-22,palworld world tree bosses,0,3,0,6.7
2026-09-22,penking location palworld,0,2,0,8.5
2026-09-22,petallia palworld 1.0 location,0,5,0,6.2
2026-09-22,prixter lux boss not spawning,0,1,0,4
2026-09-22,reptyro location,0,2,0,9.5
2026-09-22,where is astegon,0,1,0,10
2026-09-22,where to catch neptilius palworld,0,1,0,7
2026-09-22,where to catch penking,0,1,0,9
2026-09-22,where to find broncherry,0,3,0,8.3
2026-09-22,where to find chikipi palworld,0,1,0,11
2026-09-22,where to find direhowl palworld 1.0,0,1,0,8
2026-09-22,where to find felbat palworld 1.0,0,1,0,9
2026-09-22,where to find neptilius palworld,0,1,0,9
2026-09-22,where to find penking,0,1,0,9
2026-09-22,where to get penking,0,1,0,9
2026-09-22,world tree palworld level,0,1,0,9
2026-09-23,all bosses world tree,0,1,0,6
2026-09-23,astegon location,0,1,0,10
2026-09-23,astegon location palworld,0,2,0,7.5
2026-09-23,astegon palworld,0,1,0,70
2026-09-23,astegon palworld location,0,1,0,7
2026-09-23,beegarde type,0,1,0,7
2026-09-23,best place to catch chikipi,0,1,0,8
2026-09-23,best place to find dumud palworld,0,1,0,9
2026-09-23,blazamut location,0,1,0,48
2026-09-23,blazamut palworld location,0,1,0,10
2026-09-23,broncherry location,0,9,0,7.7
2026-09-23,broncherry location palworld,0,7,0,7.9
2026-09-23,caprity,0,1,0,5
2026-09-23,chikipi location,0,1,0,9
2026-09-23,cinamoth,0,1,0,10
2026-09-23,direhowl location palworld 1.0,0,1,0,1
2026-09-23,dumud spawn palworld,0,1,0,47
2026-09-23,eikthyrdeer palworld location,0,1,0,56
2026-09-23,faleris,0,4,0,10
2026-09-23,felbat location,0,1,0,10
2026-09-23,felbat location palworld 1.0,0,1,0,8
2026-09-23,foxicle spawn,0,1,0,9
2026-09-23,frostallion noct alpha location,0,1,0,10
2026-09-23,frostallion noct location,0,1,0,9
2026-09-23,frostallion noct where,0,1,0,10
2026-09-23,galeclaw,0,1,0,10
2026-09-23,gobfin,0,1,0,9
2026-09-23,gorirat palworld location,0,1,0,67
2026-09-23,grizzbolt breeding chart,0,1,0,60
2026-09-23,hartalis,0,4,0,14
2026-09-23,helzephyr palworld,0,1,0,66
2026-09-23,helzephyr palworld location,0,2,0,63
2026-09-23,how to get kitsun palworld,0,1,0,60
2026-09-23,how to get to kitsun noct,0,1,0,52
2026-09-23,jetragon breeding palworld,0,1,0,10
2026-09-23,jormantide location,0,1,0,10
2026-09-23,jormuntide location,0,3,0,9.3
2026-09-23,jormuntide location palworld,0,1,0,9
2026-09-23,jormuntide palworld location,0,1,0,16
2026-09-23,jormuntide spawn,0,1,0,10
2026-09-23,kingpaca cryst location,0,1,0,11
2026-09-23,knocklem,0,1,0,10
2026-09-23,lovander palworld,0,1,0,57
2026-09-23,material palworld,0,1,0,11
2026-09-23,necromos,0,1,0,49
2026-09-23,neptilius location palworld,0,1,0,11
2026-09-23,neptilius palworld location,0,3,0,8
2026-09-23,omascal,0,1,0,10
2026-09-23,palworld 1.0 broncherry location,0,1,0,8
2026-09-23,palworld astegon location,0,3,0,7.7
2026-09-23,palworld beegarde,0,1,0,63
2026-09-23,palworld broncherry location,0,5,0,9.2
2026-09-23,palworld cinnamon,0,1,0,10
2026-09-23,palworld dinossom lux,0,1,0,37
2026-09-23,palworld endgame,0,2,0,8
2026-09-23,palworld endgame guide,0,1,0,1
2026-09-23,palworld felbat location 1.0,0,1,0,9
2026-09-23,palworld galeclaw,0,1,0,45
2026-09-23,palworld jolthog cryst,0,1,0,49
2026-09-23,palworld jormuntide location,0,3,0,9.3
2026-09-23,palworld kingpaca cryst location,0,2,0,9.5
2026-09-23,palworld lapurr,0,1,0,10
2026-09-23,palworld lovander,0,1,0,58
2026-09-23,palworld neptilius location,0,1,0,9
2026-09-23,palworld penking location,0,1,0,54
2026-09-23,palworld reptyro location,0,1,0,11
2026-09-23,palworld world tree bosses,0,1,0,9
2026-09-23,palworld world tree endgame,0,1,0,8
2026-09-23,palworld world tree level,0,3,0,7.3
2026-09-23,palworld world tree mini bosses,0,1,0,6
2026-09-23,palworld world tree requirements,0,1,0,10
2026-09-23,palworld 攻略,0,1,0,9
2026-09-23,penking palworld location,0,1,0,8
2026-09-23,petalia spawn location,0,1,0,9
2026-09-23,petallia location palworld 1.0,0,1,0,10
2026-09-23,petallia palworld 1.0 location,0,1,0,10
2026-09-23,petallia spawn location palworld,0,1,0,11
2026-09-23,prixter lux boss not spawning,0,1,0,5
2026-09-23,prunelia,0,1,0,7
2026-09-23,rayhound,0,3,0,76
2026-09-23,reptyro location,0,1,0,10
2026-09-23,shadowbeak palworld,0,2,0,62.5
2026-09-23,sootseer palworld,0,1,0,62
2026-09-23,where is neptilius,0,1,0,9
2026-09-23,where is neptilius palworld,0,1,0,7
2026-09-23,where is penking palworld,0,1,0,9
2026-09-23,where to find broncherry,0,1,0,6
2026-09-23,where to find dumud palworld 1.0,0,1,0,8
2026-09-23,where to find frostallion noct,0,1,0,6
2026-09-23,where to find neptilius,0,1,0,7
2026-09-23,where to find paladius,0,4,0,9.8
2026-09-23,where to find penking,0,1,0,7
2026-09-23,where to find penkings,0,1,0,10
2026-09-23,where to get neptilius,0,3,0,7.7
2026-09-23,yakumo,0,1,0,11
2026-09-23,yes,0,1,0,3
2026-09-24,aegidron palworld,0,1,0,17
2026-09-24,astegon location,0,3,0,9.3
2026-09-24,astegon location palworld,0,2,0,9
2026-09-24,astegon palworld location,0,7,0,9.9
2026-09-24,astegon spawn,0,2,0,8.5
2026-09-24,astralym,0,1,0,25
2026-09-24,azure palworld,0,1,0,41
2026-09-24,azurobe cryst,0,1,0,43
2026-09-24,beegarde pal world,0,1,0,16
2026-09-24,blazamut spawn location,0,2,0,14.5
2026-09-24,boncherry location,0,1,0,9
2026-09-24,bosses world tree,0,1,0,7
2026-09-24,broncherry cryst location,0,1,0,8
2026-09-24,broncherry location,0,12,0,8.5
2026-09-24,broncherry location palworld,0,2,0,9
2026-09-24,broncherry palworld location,0,3,0,8.3
2026-09-24,broncherry spawn location,0,1,0,47
2026-09-24,capture eikthyrdeer terra,0,1,0,34
2026-09-24,celesdir,0,2,0,18.5
2026-09-24,celesdir palworld,0,1,0,28
2026-09-24,cinnamoth forest palworld,0,1,0,57
2026-09-24,coordinates,0,1,0,2
2026-09-24,cryolinx,0,1,0,29
2026-09-24,dandelord,0,1,0,55
2026-09-24,dandilord,0,1,0,10
2026-09-24,dazzi palworld,0,1,0,18
2026-09-24,dualith,0,1,0,5
2026-09-24,dumuds palworld location,0,1,0,11
2026-09-24,eidolon palworld,0,1,0,52
2026-09-24,eidrolon palworld,0,1,0,55
2026-09-24,exact locations,0,1,0,4
2026-09-24,faleris,0,1,0,10
2026-09-24,foxcicle,0,3,0,20.7
2026-09-24,foxparks cryst palworld,0,1,0,49
2026-09-24,frostallion noct spawn,0,1,0,9
2026-09-24,frostallion nocty,0,2,0,52.5
2026-09-24,frostplume,0,1,0,46
2026-09-24,galeclaw type,0,1,0,9
2026-09-24,hartalis,0,4,0,8.5
2026-09-24,how many bosses are in the world tree palworld,0,1,0,7
2026-09-24,how to unlock the world tree in palworld,0,2,0,18.5
2026-09-24,jormuntide location,0,2,0,9
2026-09-24,kitsun noct,0,1,0,61
2026-09-24,knocklem ignis,0,1,0,51
2026-09-24,lily and lyleen weakness,0,1,0,19
2026-09-24,lullu palworld,0,3,0,10
2026-09-24,munchill palworld,0,1,0,2
2026-09-24,mycora,0,2,0,3.5
2026-09-24,neptilius palworld location,0,2,0,8.5
2026-09-24,neptilius palworld spawn,0,1,0,5
2026-09-24,pal map,0,1,0,62
2026-09-24,palworld 1.0 broncherry location,0,3,0,8.3
2026-09-24,palworld 1.0 endgame guide,0,1,0,6
2026-09-24,palworld astegon location,0,8,0,8.5
2026-09-24,palworld astegon spawn,0,1,0,9
2026-09-24,palworld azurobe,0,1,0,3
2026-09-24,palworld beegarde,0,1,0,63
2026-09-24,palworld blazamut location,0,1,0,9
2026-09-24,palworld blazamut spawn,0,1,0,10
2026-09-24,palworld broncherry location,0,3,0,8.7
2026-09-24,palworld celesdir location,0,1,0,17
2026-09-24,palworld cineoth,0,1,0,11
2026-09-24,palworld crafting recipes,0,1,0,60
2026-09-24,palworld elphidran,0,2,0,3
2026-09-24,palworld endgame accessories,0,1,0,8
2026-09-24,palworld endgame checklist,0,1,0,5
2026-09-24,palworld gobfin,0,1,0,6
2026-09-24,palworld incineram noct,0,1,0,4
2026-09-24,palworld interactive map,0,2,0,61.5
2026-09-24,palworld jolthog,0,2,0,6
2026-09-24,palworld jormuntide location,0,1,0,11
2026-09-24,palworld level map,0,1,0,74
2026-09-24,palworld lovander,0,1,0,65
2026-09-24,palworld melpaca,0,1,0,62
2026-09-24,palworld neptilius location,0,1,0,7
2026-09-24,palworld no 196,0,1,0,10
2026-09-24,palworld other materials,0,1,0,9
2026-09-24,palworld penking fundort,0,1,0,11
2026-09-24,palworld prunelia,0,1,0,13
2026-09-24,palworld reptyro location,0,1,0,10
2026-09-24,palworld ribbuny,0,1,0,7
2026-09-24,palworld rotmist root,0,1,0,7
2026-09-24,palworld where to find penking,0,1,0,8
2026-09-24,palworld world tree bosses,0,1,0,5
2026-09-24,palworld world tree chests,0,1,0,8
2026-09-24,palworld world tree guardian,0,3,0,9
2026-09-24,palworld world tree level,0,2,0,6
2026-09-24,palworld world tree wiki,0,1,0,10
2026-09-24,palworld 基地,0,1,0,5
2026-09-24,penking location palworld,0,1,0,9
2026-09-24,petallia palworld 1.0 location,0,1,0,7
2026-09-24,prunelia,0,1,0,57
2026-09-24,quivern botan palworld,0,1,0,9
2026-09-24,renjishi palworld,0,2,0,56.5
2026-09-24,reptyro location,0,3,0,7.7
2026-09-24,reptyro noct location,0,1,0,10
2026-09-24,reptyro palworld,0,1,0,22
2026-09-24,selyne palworld,0,1,0,5
2026-09-24,shadowbeak,0,1,0,31
2026-09-24,solenne palworld,0,1,0,14
2026-09-24,tropicaw palworld,0,1,0,1
2026-09-24,warsect terra,0,1,0,10
2026-09-24,where does astegon spawn,0,1,0,11
2026-09-24,where to find frostallion noct,0,1,0,6
2026-09-24,where to find neptilius,0,1,0,5
2026-09-24,where to find puffolt palworld 1.0,0,1,0,8
2026-09-24,where to get neptilius,0,1,0,8
2026-09-24,where to get neptilius palworld,0,2,0,9
2026-09-24,wo finde ich neptilius in palworld,0,1,0,7
2026-09-24,world tree bosses,0,1,0,11
2026-09-24,world tree bosses palworld,0,2,0,2
2026-09-24,world tree level palworld,0,1,0,5
2026-09-24,xiaolong palworld,0,1,0,9
2026-09-24,yakumo palworld,0,2,0,25
2026-09-24,帕魯全地圖,0,1,0,81
2026-09-25,aegidron palworld,0,4,0,7
2026-09-25,astegon location,0,2,0,8.5
2026-09-25,astegon location palworld,0,1,0,10
2026-09-25,astegon palworld location,0,3,0,8.7
2026-09-25,astegon spawn location,0,1,0,9
2026-09-25,beegarde,0,3,0,13.7
2026-09-25,broncherry location,0,9,0,8.1
2026-09-25,broncherry location 1.0,0,1,0,10
2026-09-25,broncherry location palworld,0,1,0,10
2026-09-25,broncherry location palworld 1.0,0,2,0,9.5
2026-09-25,broncherry locations,0,1,0,11
2026-09-25,broncherry palworld location,0,1,0,8
2026-09-25,broncherry palworld spawn,0,1,0,8
2026-09-25,broncherry where,0,1,0,8
2026-09-25,bronchery location,0,1,0,5
2026-09-25,bulldosu,0,1,0,1
2026-09-25,bushi noct palworld,0,1,0,23
2026-09-25,celesdir noct,0,4,0,2
2026-09-25,celesdir noct palworld location,0,1,0,6
2026-09-25,cinnamoth palworld 1.0,0,1,0,57
2026-09-25,dandilord,0,3,0,5.3
2026-09-25,dazzi noct boss location,0,1,0,48
2026-09-25,dupin palworld,0,1,0,11
2026-09-25,dynamoff,0,3,0,3.7
2026-09-25,dynamoff breeding,0,1,0,77
2026-09-25,dynamoff location,0,2,0,3.5
2026-09-25,dynamoff palworld,0,2,0,6
2026-09-25,eidrolon,0,1,0,50
2026-09-25,eidrolon palworld,0,1,0,47
2026-09-25,faleris,0,2,0,7
2026-09-25,farm money palworld,0,1,0,10
2026-09-25,felbat location 1.0,0,1,0,8
2026-09-25,finsider,0,2,0,15
2026-09-25,flaracle,0,1,0,1
2026-09-25,frostallion noct location,0,1,0,5
2026-09-25,frostplume,0,1,0,4
2026-09-25,galeclaw,0,2,0,11
2026-09-25,gildra palworld,0,1,0,49
2026-09-25,gobfin,0,1,0,7
2026-09-25,hartalis,0,4,0,24.8
2026-09-25,helzephyr lux,0,2,0,19.5
2026-09-25,helzephyr lux palworld,0,1,0,55
2026-09-25,helzephyr lux palworld location,0,1,0,36
2026-09-25,jolthog cryst,0,1,0,6
2026-09-25,jormuntide location,0,3,0,8
2026-09-25,kingpaca cryst location palworld 1.0,0,1,0,9
2026-09-25,kitsun,0,1,0,65
2026-09-25,kitsun location,0,1,0,3
2026-09-25,kitsun noct,0,1,0,14
2026-09-25,knocklem,0,3,0,13.3
2026-09-25,knocklem ignis,0,2,0,17
2026-09-25,leure palworld,0,1,0,35
2026-09-25,mammorest meat,0,2,0,5.5
2026-09-25,moldron cryst palworld,0,1,0,44
2026-09-25,moldron palworld,0,3,0,53.3
2026-09-25,money farm palworld,0,1,0,10
2026-09-25,money palworld,0,1,0,10
2026-09-25,munchill palworld,0,5,0,3.4
2026-09-25,mycora,0,2,0,19
2026-09-25,neptilius island palworld,0,1,0,8
2026-09-25,neptilius palworld location,0,1,0,8
2026-09-25,pal world beegarde,0,1,0,11
2026-09-25,palworld 1.0 interactive map,0,1,0,64
2026-09-25,palworld ancient material synthesizer paloxite,0,3,0,5.7
2026-09-25,palworld astegon location,0,3,0,8
2026-09-25,palworld broncherry location,0,4,0,8.8
2026-09-25,palworld broncherry location 1.0,0,2,0,10
2026-09-25,palworld crafting materials,0,1,0,64
2026-09-25,palworld cryolinx,0,1,0,27
2026-09-25,palworld dandilord,0,1,0,54
2026-09-25,palworld dazzi,0,1,0,5
2026-09-25,palworld dualith,0,6,0,17.7
2026-09-25,palworld dynamoff,0,2,0,9
2026-09-25,palworld elphidran,0,3,0,2.3
2026-09-25,palworld elphidran aqua,0,2,0,14
2026-09-25,palworld end game tips,0,1,0,8
2026-09-25,palworld endgame gear,0,1,0,4
2026-09-25,palworld endgame guide,0,1,0,7
2026-09-25,palworld endgame materials,0,1,0,1
2026-09-25,palworld endgame tips,0,1,0,7
2026-09-25,palworld flaracle location,0,1,0,8
2026-09-25,palworld gobfin,0,2,0,6.5
2026-09-25,palworld hartalis,0,2,0,28
2026-09-25,palworld helzephyr lux,0,1,0,12
2026-09-25,palworld helzephyr lux location,0,2,0,8.5
2026-09-25,palworld how to farm money,0,2,0,9.5
2026-09-25,palworld incineram noct,0,1,0,6
2026-09-25,palworld interactive map,0,3,0,7.7
2026-09-25,palworld jolthog,0,1,0,7
2026-09-25,palworld jormuntide location,0,1,0,11
2026-09-25,palworld jormuntide location map,0,1,0,10
2026-09-25,palworld late game money farm,0,1,0,10
2026-09-25,palworld maraith,0,4,0,10.5
2026-09-25,palworld money farm,0,1,0,11
2026-09-25,palworld moth,0,1,0,11
2026-09-25,palworld no 196,0,1,0,7
2026-09-25,palworld paladius location,0,2,0,18
2026-09-25,palworld penking location map,0,1,0,11
2026-09-25,palworld renjishi,0,2,0,39.5
2026-09-25,palworld reptyro,0,1,0,17
2026-09-25,palworld resource map,0,1,0,65
2026-09-25,palworld ribbuny,0,3,0,6
2026-09-25,palworld sibelyx,0,1,0,22
2026-09-25,palworld smokie location,0,2,0,3.5
2026-09-25,palworld tanzee,0,1,0,20
2026-09-25,palworld venusa,0,1,0,13
2026-09-25,palworld warsect,0,1,0,14
2026-09-25,palworld what to do with money,0,1,0,20
2026-09-25,palworld where to find direhowl,0,1,0,7
2026-09-25,palworld wiki selyne,0,1,0,11
2026-09-25,palworld world tree boss,0,1,0,10
2026-09-25,palworld world tree boss locations,0,1,0,11
2026-09-25,palworld world tree bosses,0,2,0,6
2026-09-25,palworld world tree bosses location,0,1,0,8
2026-09-25,palworld world tree field bosses,0,2,0,7.5
2026-09-25,palworld world tree mini bosses,0,1,0,1
2026-09-25,palworld world tree wiki,0,2,0,8
2026-09-25,penking location palworld,0,1,0,8
2026-09-25,petallia palworld 1.0 location,0,1,0,1
2026-09-25,pierdon,0,1,0,2
2026-09-25,primo-tcg-website.vercel.app,0,14,0,19.8
2026-09-25,prunelia,0,2,0,6.5
2026-09-25,quivern botan,0,1,0,1
2026-09-25,rayhound,0,3,0,16
2026-09-25,renjishi palworld,0,1,0,4
2026-09-25,renjishi palworld location,0,3,0,61
2026-09-25,selyne,0,1,0,10
2026-09-25,selyne palworld,0,1,0,22
2026-09-25,shadowbeak palworld,0,1,0,66
2026-09-25,shroomer palworld location,0,1,0,10
2026-09-25,sibelyx palworld location,0,1,0,5
2026-09-25,skutlass palworld,0,1,0,1
2026-09-25,snock lux,0,1,0,1
2026-09-25,solenne palworld,0,3,0,8
2026-09-25,tanzee location palworld,0,1,0,13
2026-09-25,tropicaw palworld,0,3,0,6
2026-09-25,univolt cryst,0,1,0,1
2026-09-25,univolt cryst breeding,0,1,0,56
2026-09-25,vanwyrm,0,1,0,14
2026-09-25,warsect pal,0,1,0,26
2026-09-25,what level is renjishi,0,1,0,16
2026-09-25,what level is the world tree palworld,0,2,0,3
2026-09-25,where can i find neptilius palworld,0,1,0,7
2026-09-25,where can you find neptilius in palworld,0,1,0,8
2026-09-25,where is penking palworld,0,1,0,11
2026-09-25,where to catch felbat palworld 1.0,0,1,0,10
2026-09-25,where to find broncherry,0,2,0,6
2026-09-25,where to find celesdir,0,1,0,51
2026-09-25,where to find dumud palworld 1.0,0,1,0,6
2026-09-25,where to find felbat palworld 1.0,0,1,0,9
2026-09-25,where to find lovander,0,1,0,70
2026-09-25,where to find penking palworld,0,1,0,9
2026-09-25,where to get dandilord palworld,0,1,0,15
2026-09-25,where to get sibelyx palworld,0,1,0,8
2026-09-25,world tree alpha bosses,0,1,0,10
2026-09-25,world tree bosses,0,1,0,40
2026-09-25,world tree guardian palworld,0,1,0,7
2026-09-25,world tree level palworld,0,1,0,5
2026-09-25,world tree palworld level,0,2,0,6.5
2026-09-25,world tree palworld wiki,0,1,0,11
2026-09-26,aegidron palworld,0,8,0,6.2
2026-09-26,aegidron palworld location,0,1,0,55
2026-09-26,aegidrons,0,1,0,10
2026-09-26,all bosses in world tree,0,1,0,5
2026-09-26,astegon location,0,3,0,10
2026-09-26,astegon location palworld,0,3,0,9
2026-09-26,astegon palworld spawn,0,1,0,10
2026-09-26,astegon spawn location,0,1,0,10
2026-09-26,beegarde,0,5,0,28.6
2026-09-26,bellanoir libero stats,0,2,0,37.5
2026-09-26,bellanoir type,0,1,0,18
2026-09-26,blazehowl palworld 1.0 location,0,2,0,7.5
2026-09-26,bosses in world tree,0,1,0,7
2026-09-26,bosses world tree palworld,0,1,0,8
2026-09-26,breed lyleen,0,1,0,8
2026-09-26,breed rayhound,0,1,0,11
2026-09-26,broncherry location,0,5,0,8
2026-09-26,broncherry location 1.0,0,1,0,8
2026-09-26,broncherry location palworld,0,4,0,9.2
2026-09-26,broncherry palworld location,0,3,0,8.7
2026-09-26,bulldosu location,0,1,0,36
2026-09-26,bushi palworld,0,1,0,8
2026-09-26,celesdir noct,0,6,0,2
2026-09-26,celesdir noct breeding,0,1,0,72
2026-09-26,celesdir noct location,0,2,0,27.5
2026-09-26,cinnamoth,0,1,0,72
2026-09-26,cremis,0,1,0,9
2026-09-26,cryolinx,0,1,0,30
2026-09-26,cryolinx terra,0,2,0,4
2026-09-26,cryolinx terra palworld 1.0,0,1,0,58
2026-09-26,dandilord,0,10,0,5.2
2026-09-26,dazzi palworld,0,2,0,10.5
2026-09-26,direhowl location palworld,0,1,0,5
2026-09-26,dragon pals world tree palworld,0,1,0,1
2026-09-26,dualith noct,0,1,0,51
2026-09-26,dupin palworld,0,1,0,16
2026-09-26,dynamof,0,1,0,38
2026-09-26,dynamoff,0,7,0,4
2026-09-26,dynamoff palworld stats,0,1,0,73
2026-09-26,eidrolon palworld,0,5,0,24.8
2026-09-26,elphidran aqua,0,1,0,2
2026-09-26,elphidran palworld,0,1,0,7
2026-09-26,faeleris,0,1,0,10
2026-09-26,faleris,0,1,0,25
2026-09-26,faleris aqua speed,0,1,0,9
2026-09-26,felbat palworld,0,1,0,59
2026-09-26,frostallion location,0,1,0,15
2026-09-26,gildra,0,1,0,1
2026-09-26,hartalis,0,3,0,10.7
2026-09-26,hellzephyr,0,1,0,9
2026-09-26,helzephyr,0,3,0,8.7
2026-09-26,helzephyr lux location,0,1,0,38
2026-09-26,how to breed knocklem ignis,0,1,0,19
2026-09-26,how to get shaolong,0,1,0,57
2026-09-26,jormuntide location,0,4,0,7
2026-09-26,jormuntide location palworld,0,2,0,10
2026-09-26,jormuntide palworld location,0,1,0,9
2026-09-26,katress ignis palworld location,0,1,0,3
2026-09-26,kattress ignis,0,1,0,54
2026-09-26,kitsun noct,0,2,0,16
2026-09-26,knocklem,0,3,0,9.7
2026-09-26,knocklem ignis,0,1,0,16
2026-09-26,lapure,0,1,0,3
2026-09-26,maldron palworld,0,2,0,56.5
2026-09-26,mammorest meat farm,0,1,0,38
2026-09-26,mammorest palworld location,0,1,0,20
2026-09-26,mapa interativo palworld,0,1,0,77
2026-09-26,mapa palworld 1.0,0,2,0,70
2026-09-26,moldron,0,3,0,38
2026-09-26,money farming palworld,0,1,0,8
2026-09-26,muffly,0,1,0,1
2026-09-26,munchill palworld,0,1,0,5
2026-09-26,mysterious scales palworld,0,1,0,10
2026-09-26,necromus palworld,0,1,0,52
2026-09-26,no 197 palworld,0,1,0,11
2026-09-26,ophydia,0,1,0,20
2026-09-26,pal no 105b,0,1,0,10
2026-09-26,paloxite ingot,0,1,0,9
2026-09-26,palworld 1.0 mossanda location,0,1,0,4
2026-09-26,palworld 1.0 sibelyx location,0,1,0,52
2026-09-26,palworld ancient material synthesizer paloxite,0,2,0,6
2026-09-26,palworld astegon spawn,0,1,0,8
2026-09-26,palworld astralym züchten,0,1,0,11
2026-09-26,palworld best shield,0,1,0,49
2026-09-26,palworld blazehowl location map,0,1,0,52
2026-09-26,palworld broncherry location,0,6,0,9
2026-09-26,palworld celesdir noct,0,1,0,57
2026-09-26,palworld dazzi noct boss location,0,1,0,48
2026-09-26,palworld dynamoff,0,1,0,49
2026-09-26,palworld dynamoff location,0,1,0,2
2026-09-26,palworld elphidran,0,1,0,2
2026-09-26,palworld end game guide,0,1,0,8
2026-09-26,palworld endgame,0,1,0,3
2026-09-26,palworld endgame checklist,0,1,0,8
2026-09-26,palworld endgame gear,0,1,0,4
2026-09-26,palworld endgame guide,0,1,0,4
2026-09-26,palworld fire bird,0,1,0,42
2026-09-26,palworld frostallion noct boss location,0,1,0,11
2026-09-26,palworld gildra,0,1,0,50
2026-09-26,palworld gobfin,0,2,0,6
2026-09-26,palworld heart pal,0,1,0,61
2026-09-26,palworld helzephyr lux location,0,8,0,7.9
2026-09-26,palworld helzephyr speed,0,1,0,16
2026-09-26,palworld herbil,0,2,0,60
2026-09-26,palworld interactive map,0,5,0,9
2026-09-26,palworld jormuntide location,0,2,0,7.5
2026-09-26,palworld jormuntide location map,0,1,0,24
2026-09-26,palworld kingpaca cryst location,0,2,0,10.5
2026-09-26,palworld knocklem ignis,0,1,0,36
2026-09-26,palworld levels map,0,1,0,69
2026-09-26,palworld lovander description,0,1,0,8
2026-09-26,palworld love pal,0,1,0,26
2026-09-26,palworld money farm,0,2,0,11
2026-09-26,palworld ophydia,0,1,0,49
2026-09-26,palworld ophydia speed,0,1,0,9
2026-09-26,palworld paladius location,0,6,0,16.3
2026-09-26,palworld penking boss location,0,1,0,9
2026-09-26,palworld penking locations,0,1,0,9
2026-09-26,palworld post game,0,1,0,22
2026-09-26,palworld prunelia,0,1,0,12
2026-09-26,palworld prunelia breeding,0,1,0,55
2026-09-26,palworld reptyro location,0,2,0,14.5
2026-09-26,palworld ribbuny,0,1,0,7
2026-09-26,palworld sibelyx location,0,1,0,53
2026-09-26,palworld skutlass,0,2,0,43.5
2026-09-26,palworld solenne location,0,1,0,10
2026-09-26,palworld suzaku,0,1,0,9
2026-09-26,palworld tanzee,0,1,0,3
2026-09-26,palworld tree of life,0,1,0,30
2026-09-26,palworld where to catch neptilius,0,1,0,9
2026-09-26,palworld world tree bosses,0,6,0,5
2026-09-26,palworld world tree endgame,0,1,0,1
2026-09-26,palworld world tree level,0,1,0,5
2026-09-26,palworld world tree mini bosses,0,1,0,4
2026-09-26,palworld world tree towers,0,1,0,10
2026-09-26,penking location palworld,0,1,0,10
2026-09-26,penking palworld location,0,1,0,4
2026-09-26,penking plume palworld,0,1,0,60
2026-09-26,plaword,0,1,0,30
2026-09-26,primo egg calculator,0,3,0,81.3
2026-09-26,prunelia,0,6,0,7
2026-09-26,quivern botan breeding,0,1,0,47
2026-09-26,rayhound,0,9,0,14.7
2026-09-26,rayhound palworld breed,0,1,0,63
2026-09-26,scutlass,0,1,0,44
2026-09-26,secluded cemetery palworld,0,1,0,54
2026-09-26,selyne palworld,0,1,0,17
2026-09-26,selyne palworld location,0,1,0,10
2026-09-26,shaolong palworld,0,3,0,6
2026-09-26,shroomer location palworld,0,1,0,8
2026-09-26,shroomer palworld,0,1,0,62
2026-09-26,skutlass,0,1,0,45
2026-09-26,solenne palworld,0,1,0,10
2026-09-26,solenne palworld location,0,1,0,60
2026-09-26,sooster palworld,0,1,0,7
2026-09-26,stamina remedy palworld,0,2,0,65
2026-09-26,starryon palworld location,0,2,0,54
2026-09-26,starryon primo,0,1,0,50
2026-09-26,suitar palworld,0,1,0,29
2026-09-26,suzaku palworld,0,1,0,8
2026-09-26,the world tree is completely shrouded in a mysterious energy,0,1,0,9
2026-09-26,tropicaw,0,2,0,15
2026-09-26,tropicaw palworld,0,5,0,6.6
2026-09-26,venusa,0,1,0,9
2026-09-26,what type is hartalis,0,1,0,11
2026-09-26,where is neptilius palworld,0,1,0,8
2026-09-26,where to find blaze howl palworld,0,1,0,15
2026-09-26,where to find broncherry,0,1,0,6
2026-09-26,where to find broncherry palworld 1.0,0,1,0,11
2026-09-26,where to find broncherrys,0,1,0,6
2026-09-26,where to find dumud palworld 1.0,0,2,0,8
2026-09-26,where to find petallia palworld,0,1,0,9
2026-09-26,world tree boss drops,0,1,0,10
2026-09-26,world tree bosses,0,2,0,7.5
2026-09-26,world tree bosses palworld,0,1,0,21
2026-09-26,world tree guardian,0,2,0,6.5
2026-09-26,world tree guardian palworld,0,1,0,9
2026-09-26,world tree palworld level,0,1,0,5
2026-09-27,aedrigon,0,1,0,46
2026-09-27,aegidron,0,4,0,26
2026-09-27,aegidron location palworld,0,1,0,64
2026-09-27,angry shark palworld,0,2,0,5.5
2026-09-27,astegon location,0,4,0,9.2
2026-09-27,astegon location palworld,0,3,0,9.7
2026-09-27,astegon palworld location,0,1,0,10
2026-09-27,astegon spawn,0,2,0,7.5
2026-09-27,at l2,0,1,0,4
2026-09-27,beegarde,0,2,0,35
2026-09-27,best bellanoir libero active skills,0,1,0,4
2026-09-27,best knocklem ignis,0,1,0,9
2026-09-27,broncherry location,0,7,0,8.7
2026-09-27,broncherry location palworld,0,4,0,9.2
2026-09-27,broncherry palworld location,0,3,0,9
2026-09-27,bronchery location,0,1,0,10
2026-09-27,bulldosu palworld,0,1,0,28
2026-09-27,bushi location palworld,0,4,0,10.2
2026-09-27,can ophydia fly,0,1,0,11
2026-09-27,can you download palworld on ps4,0,1,0,10
2026-09-27,cattiva palworld,0,1,0,50
2026-09-27,celestial knocklem,0,1,0,11
2026-09-27,chillet,0,1,0,9
2026-09-27,chillet evolution,0,1,0,1
2026-09-27,chillet type,0,1,0,11
2026-09-27,coverage,0,1,0,8
2026-09-27,cremis,0,1,0,9
2026-09-27,cryolinx terra location,0,3,0,6.3
2026-09-27,dandilord,0,2,0,1
2026-09-27,dandilord palworld,0,1,0,3
2026-09-27,direhowl location palworld 1.0,0,1,0,8
2026-09-27,dupin breeding,0,2,0,59
2026-09-27,dupin palworld,0,1,0,19
2026-09-27,dynamoff palworld location,0,1,0,48
2026-09-27,dynamoth,0,1,0,63
2026-09-27,dynamoth palworld,0,1,0,51
2026-09-27,eidrolon,0,2,0,5
2026-09-27,eidrolon pal,0,1,0,55
2026-09-27,eidrolon palworld,0,1,0,49
2026-09-27,elphidran aqua,0,1,0,56
2026-09-27,endgame palworld,0,1,0,5
2026-09-27,faleris,0,1,0,9
2026-09-27,faleris palworld,0,1,0,2
2026-09-27,farm money palworld,0,1,0,9
2026-09-27,flracle,0,1,0,9
2026-09-27,frostallion noct location palworld 1.0,0,1,0,62
2026-09-27,galeclaw palworld,0,2,0,14
2026-09-27,grizzbolt breeding combos,0,1,0,71
2026-09-27,hangyu,0,2,0,15
2026-09-27,hartalis,0,3,0,10
2026-09-27,hartalis palworld,0,2,0,15.5
2026-09-27,hartalis type,0,1,0,7
2026-09-27,helzepher,0,1,0,8
2026-09-27,helzephyr,0,16,0,7.3
2026-09-27,how to breed elphidran aqua,0,1,0,16
2026-09-27,how to breed lyleen noct palworld,0,1,0,58
2026-09-27,how to breed necromus,0,1,0,41
2026-09-27,how to breed vanwyrm,0,1,0,17
2026-09-27,how to breed vanwyrm palworld,0,1,0,14
2026-09-27,how to get katress ignis,0,1,0,55
2026-09-27,how to get selyne palworld,0,5,0,14.6
2026-09-27,how to get smokie palworld,0,2,0,14.5
2026-09-27,how to get sootseer palworld,0,1,0,54
2026-09-27,how to get to kitsun noct palworld,0,1,0,49
2026-09-27,interactive map palworld,0,1,0,72
2026-09-27,is celesdir good palworld,0,1,0,9
2026-09-27,jormuntide location,0,5,0,7.2
2026-09-27,jormuntide location palworld,0,3,0,9.7
2026-09-27,katress ignis location,0,1,0,55
2026-09-27,katress ignis palworld location,0,3,0,3
2026-09-27,kitsun noct,0,1,0,13
2026-09-27,knocklem,0,4,0,7.5
2026-09-27,lapure palworld location,0,1,0,35
2026-09-27,lovander pal,0,1,0,5
2026-09-27,lovander pokemon,0,1,0,63
2026-09-27,loveander palworld,0,1,0,68
2026-09-27,mapa interactivo palworld 1.0,0,1,0,67
2026-09-27,munchill palworld,0,2,0,3.5
2026-09-27,neptilius,0,3,0,4
2026-09-27,no.196 palworld,0,1,0,11
2026-09-27,ophydia,0,2,0,10
2026-09-27,ophydia palworld,0,1,0,7
2026-09-27,pal materials list,0,1,0,1
2026-09-27,palworld 1.0 interactive map,0,1,0,63
2026-09-27,palworld 1.0 reptyro location,0,1,0,9
2026-09-27,palworld aegidron,0,2,0,20.5
2026-09-27,palworld aqua burst,0,1,0,17
2026-09-27,palworld bee,0,1,0,1
2026-09-27,palworld beegarde,0,2,0,37
2026-09-27,palworld broncherry,0,1,0,68
2026-09-27,palworld broncherry location,0,1,0,9
2026-09-27,palworld celesdir,0,1,0,6
2026-09-27,palworld elphidran,0,4,0,2.8
2026-09-27,palworld elphidran aqua,0,2,0,8
2026-09-27,palworld end game guide,0,1,0,8
2026-09-27,palworld endgame,0,1,0,9
2026-09-27,palworld endgame gear,0,1,0,4
2026-09-27,palworld foxparks,0,1,0,19
2026-09-27,palworld galeclaw,0,1,0,2
2026-09-27,palworld gildra,0,4,0,1
2026-09-27,palworld gobfin,0,2,0,11.5
2026-09-27,palworld gobfin ignis,0,1,0,14
2026-09-27,palworld helzephyr,0,6,0,8.7
2026-09-27,palworld helzephyr lux,0,1,0,14
2026-09-27,palworld interactive map,0,1,0,70
2026-09-27,palworld jormuntide location,0,2,0,17
2026-09-27,palworld katress ignis location,0,1,0,3
2026-09-27,palworld lapure,0,2,0,23.5
2026-09-27,palworld level map,0,2,0,66.5
2026-09-27,palworld map levels,0,1,0,71
2026-09-27,palworld maraith,0,2,0,12
2026-09-27,palworld meteorite fragment uses,0,1,0,9
2026-09-27,palworld mid game gold farm,0,1,0,8
2026-09-27,palworld money,0,1,0,10
2026-09-27,palworld money guide,0,1,0,10
2026-09-27,palworld money pal,0,1,0,1
2026-09-27,palworld no 197,0,1,0,11
2026-09-27,palworld pal location map,0,1,0,75
2026-09-27,palworld reptyro,0,2,0,17.5
2026-09-27,palworld ribbuny,0,4,0,7.5
2026-09-27,palworld shadowbeak,0,1,0,62
2026-09-27,palworld sparkit,0,1,0,14
2026-09-27,palworld suzaku aqua,0,3,0,8
2026-09-27,palworld world tree,0,2,0,3
2026-09-27,palworld world tree 3 bosses,0,1,0,9
2026-09-27,palworld world tree all bosses,0,1,0,8
2026-09-27,palworld world tree boss locations,0,1,0,10
2026-09-27,palworld world tree guardian,0,2,0,9
2026-09-27,palworld world tree sub bosses,0,1,0,11
2026-09-27,panthalus breeding,0,1,0,13
2026-09-27,penking location palworld,0,3,0,8.3
2026-09-27,penking palworld spawn,0,1,0,9
2026-09-27,pierdon palworld,0,1,0,35
2026-09-27,prunelia location palworld,0,1,0,47
2026-09-27,reptyro,0,1,0,6
2026-09-27,selyne location palworld,0,1,0,22
2026-09-27,selyne palworld,0,1,0,9
2026-09-27,shaolong palworld,0,1,0,49
2026-09-27,sibelyx location,0,1,0,54
2026-09-27,skutlass palworld,0,2,0,4
2026-09-27,sparkit,0,1,0,18
2026-09-27,suzaku aqua,0,1,0,1
2026-09-27,the world tree is completely shrouded in a mysterious energy,0,1,0,9
2026-09-27,totoco palworld,0,1,0,2
2026-09-27,tropicaw,0,3,0,11.3
2026-09-27,univolt,0,1,0,9
2026-09-27,univolt cryst palworld,0,1,0,7
2026-09-27,venusa,0,1,0,10
2026-09-27,warsect,0,1,0,24
2026-09-27,what level is astegon,0,1,0,7
2026-09-27,what type is hartalis,0,2,0,11
2026-09-27,where is frostallion noct,0,1,0,10
2026-09-27,where to find broncherry,0,1,0,6
2026-09-27,where to find direhowl palworld,0,1,0,11
2026-09-27,where to find dumud palworld,0,2,0,9
2026-09-27,where to find frostallion noct,0,1,0,9
2026-09-27,where to find penking palworld,0,3,0,9.7
2026-09-27,where to get broncherry,0,2,0,9
2026-09-27,where to get neptilius,0,1,0,8
2026-09-27,where to get penking,0,1,0,9
2026-09-27,whose next,0,1,0,4
2026-09-27,world tree boss drops,0,1,0,7
2026-09-27,world tree boss weakness palworld,0,1,0,9
2026-09-27,world tree bosses,0,3,0,8
2026-09-27,world tree bosses palworld,0,4,0,5.8
2026-09-27,world tree final boss weakness,0,1,0,9
2026-09-27,xenolord palworld,0,2,0,11
2026-09-27,xenolord wiki,0,1,0,11
2026-09-28,aegidron,0,1,0,52
2026-09-28,astegon location,0,2,0,10
2026-09-28,astegon palworld location,0,2,0,28.5
2026-09-28,astegon spawn,0,1,0,8
2026-09-28,beegrade,0,1,0,54
2026-09-28,dandilord,0,1,0,1
2026-09-28,dendilord,0,1,0,48
2026-09-28,direhowl location palworld 1.0,0,1,0,8
2026-09-28,does palworld cost money,0,1,0,9
2026-09-28,dynamoff,0,7,0,5.1
2026-09-28,dynamoff location,0,2,0,51
2026-09-28,faleris,0,2,0,9
2026-09-28,faleris palworld,0,1,0,2
2026-09-28,farm money palworld,0,1,0,2
2026-09-28,frostallion noct location palworld 1.0,0,1,0,62
2026-09-28,galeclaw,0,1,0,10
2026-09-28,gobfin,0,13,0,13.7
2026-09-28,grizzbolt palworld breeding,0,1,0,56
2026-09-28,hangyu,0,2,0,15.5
2026-09-28,hartalis,0,3,0,10.3
2026-09-28,hartalis hp,0,1,0,11
2026-09-28,hartalis typing,0,2,0,9
2026-09-28,hartslis,0,1,0,7
2026-09-28,helzephyr,0,12,0,7.2
2026-09-28,how to beat forbidden laboratory palworld,0,1,0,1
2026-09-28,how to get selyne palworld,0,1,0,10
2026-09-28,how to make money fast in palworld,0,1,0,1
2026-09-28,is ophidia a water mount,0,1,0,11
2026-09-28,katress ignis palworld location,0,3,0,3
2026-09-28,knocklem ignis,0,1,0,12
2026-09-28,lapure location palworld,0,1,0,2
2026-09-28,lovander pal,0,1,0,1
2026-09-28,munchill palworld,0,2,0,5.5
2026-09-28,noam ignis,0,1,0,11
2026-09-28,ophydia palworld,0,1,0,6
2026-09-28,pal breeding,0,1,0,61
2026-09-28,paladius location palworld 1.0,0,1,0,8
2026-09-28,palworld astegon spawn,0,1,0,9
2026-09-28,palworld beegarde,0,1,0,5
2026-09-28,palworld elphidran aqua,0,4,0,7.2
2026-09-28,palworld end game materials,0,1,0,6
2026-09-28,palworld endgame,0,4,0,2.2
2026-09-28,palworld endgame equipment,0,1,0,5
2026-09-28,palworld endgame gear,0,1,0,6
2026-09-28,palworld endgame guide,0,1,0,1
2026-09-28,palworld endgame materials,0,1,0,8
2026-09-28,palworld fast money,0,1,0,8
2026-09-28,palworld frostallion noct location,0,1,0,65
2026-09-28,palworld gildra,0,3,0,1
2026-09-28,palworld gobfin ignis,0,2,0,11
2026-09-28,palworld helzephyr,0,3,0,11
2026-09-28,palworld interactive map,0,1,0,72
2026-09-28,palworld jolthog,0,1,0,6
2026-09-28,palworld katress ignis location,0,2,0,3
2026-09-28,palworld katress location,0,2,0,6.5
2026-09-28,palworld mammorest meat farm,0,1,0,45
2026-09-28,palworld mammorest meat merchant,0,1,0,44
2026-09-28,palworld mapa interactivo,0,1,0,72
2026-09-28,palworld maraith,0,3,0,11.7
2026-09-28,palworld money,0,1,0,9
2026-09-28,palworld money farm,0,2,0,8
2026-09-28,palworld no 197,0,2,0,9
2026-09-28,palworld no.197,0,1,0,10
2026-09-28,palworld ribbuny,0,3,0,9.7
2026-09-28,palworld shark,0,1,0,4
2026-09-28,palworld sibelyx,0,2,0,62
2026-09-28,palworld sparkit,0,2,0,10
2026-09-28,palworld sparkit location,0,3,0,9
2026-09-28,palworld suzaku aqua,0,1,0,8
2026-09-28,palworld where to find frostallion noct,0,1,0,7
2026-09-28,palworld world tree boss,0,2,0,10
2026-09-28,palworld world tree bosses,0,6,0,6.2
2026-09-28,palworld world tree mini bosses,0,2,0,4.5
2026-09-28,panthalus spawn,0,1,0,6
2026-09-28,penking location palworld,0,1,0,4
2026-09-28,penking location palworld 1.0,0,1,0,9
2026-09-28,penking where to find,0,1,0,10
2026-09-28,petallia location palworld 1.0,0,1,0,9
2026-09-28,petallia palworld 1.0 location,0,1,0,11
2026-09-28,petallia palworld location 1.0,0,1,0,10
2026-09-28,quivern,0,2,0,16.5
2026-09-28,reptyro,0,1,0,9
2026-09-28,selyne palworld,0,4,0,18.8
2026-09-28,shaolong palworld,0,2,0,7.5
2026-09-28,shroomer,0,2,0,10
2026-09-28,sibelyx,0,2,0,15
2026-09-28,sibelyx location,0,1,0,54
2026-09-28,smokie cryst palworld,0,1,0,41
2026-09-28,smokie palworld,0,5,0,15.4
2026-09-28,sparkit,0,1,0,17
2026-09-28,univolt cryst,0,5,0,1
2026-09-28,where to find dandilord,0,6,0,6
2026-09-28,where to find direhowl palworld,0,1,0,11
2026-09-28,where to find penking palworld,0,2,0,10
2026-09-28,world tree boss weakness palworld,0,1,0,9
2026-09-28,world tree bosses,0,4,0,5.5
2026-09-28,world tree guardian palworld,0,1,0,8
2026-09-28,world tree level palworld,0,2,0,5.5
2026-09-29,aegidron,0,1,0,21
2026-09-29,all bosses in world tree,0,1,0,10
2026-09-29,astegon location,0,3,0,8.7
2026-09-29,astegon location palworld,0,2,0,6
2026-09-29,astegon spawn,0,2,0,9
2026-09-29,astegon spawn location,0,1,0,10
2026-09-29,beegarde,0,2,0,58
2026-09-29,bushi palworld level,0,1,0,11
2026-09-29,celesdir,0,2,0,5.5
2026-09-29,cinnamoth,0,1,0,49
2026-09-29,common shield palworld,0,1,0,14
2026-09-29,cryolinx palworld breed,0,1,0,17
2026-09-29,cryolinx terra breeding,0,1,0,7
2026-09-29,cryolinx terra location,0,1,0,52
2026-09-29,dandilord,0,4,0,2.5
2026-09-29,dazi noct,0,1,0,52
2026-09-29,direhowl palworld location,0,1,0,10
2026-09-29,dynamoff,0,6,0,4.7
2026-09-29,dynamoff palworld location,0,1,0,4
2026-09-29,enemycamp_skyisland_01 /40,0,1,0,24
2026-09-29,faleris palworld,0,1,0,9
2026-09-29,foxcicle palworld location,0,1,0,53
2026-09-29,frostallion location,0,7,0,14.3
2026-09-29,frostplume,0,5,0,5
2026-09-29,gobfin,0,8,0,8.9
2026-09-29,happy go lucky bunny palworld,0,1,0,9
2026-09-29,hartalis,0,4,0,15.5
2026-09-29,hartalis moves,0,1,0,9
2026-09-29,hartalis palworld,0,2,0,14.5
2026-09-29,helzephyr,0,1,0,10
2026-09-29,helzephyr palworld,0,1,0,68
2026-09-29,helzypher,0,1,0,9
2026-09-29,iceberg cave palworld,0,1,0,7
2026-09-29,isle of the glacial core.,0,1,0,45
2026-09-29,knocklem location,0,1,0,62
2026-09-29,lovander palworld,0,6,0,8.2
2026-09-29,lovender pal,0,1,0,1
2026-09-29,munchill palworld,0,1,0,4
2026-09-29,ophydia,0,1,0,3
2026-09-29,ophydia build palworld,0,1,0,52
2026-09-29,ophydia palworld,0,1,0,8
2026-09-29,pal world map,0,1,0,69
2026-09-29,palword penking,0,1,0,36
2026-09-29,palworld 1.0 sibelyx location,0,1,0,56
2026-09-29,palworld beegarde,0,2,0,10
2026-09-29,palworld best way to farm money,0,1,0,11
2026-09-29,palworld bushi,0,1,0,9
2026-09-29,palworld cryolinx terra location,0,1,0,54
2026-09-29,palworld dazzi,0,1,0,15
2026-09-29,palworld depresso,0,1,0,35
2026-09-29,palworld direhowl location,0,1,0,11
2026-09-29,palworld early money,0,1,0,9
2026-09-29,palworld endgame,0,1,0,5
2026-09-29,palworld endgame equipment,0,1,0,5
2026-09-29,palworld endgame materials,0,2,0,7.5
2026-09-29,palworld engame,0,1,0,8
2026-09-29,palworld fast money,0,1,0,11
2026-09-29,palworld feybreak map,0,1,0,62
2026-09-29,palworld flaracle,0,1,0,1
2026-09-29,palworld foxparks,0,2,0,16
2026-09-29,palworld helzephyr lux location,0,1,0,13
2026-09-29,palworld level map 2026,0,1,0,64
2026-09-29,palworld map,0,1,0,70
2026-09-29,palworld maraith,0,6,0,10
2026-09-29,palworld mid game gold farm,0,1,0,8
2026-09-29,palworld moldron,0,1,0,51
2026-09-29,palworld ophydia,0,10,0,6.2
2026-09-29,palworld penking alpha,0,1,0,6
2026-09-29,palworld prunelia location,0,1,0,4
2026-09-29,palworld silica,0,1,0,1
2026-09-29,palworld smokie,0,9,0,9.1
2026-09-29,palworld sparkit,0,1,0,9
2026-09-29,palworld tanzee,0,1,0,17
2026-09-29,palworld tropicaw,0,1,0,32
2026-09-29,palworld world tree all bosses,0,2,0,7
2026-09-29,palworld world tree alpha bosses,0,1,0,10
2026-09-29,palworld world tree boss type,0,1,0,9
2026-09-29,palworld world tree bosses,0,5,0,8.8
2026-09-29,palworld world tree field bosses,0,1,0,9
2026-09-29,palworld world tree forbidden laboratory boss,0,1,0,6
2026-09-29,palworld world tree requirements,0,1,0,8
2026-09-29,panthalus palworld location,0,1,0,4
2026-09-29,petallia palworld 1.0 location,0,1,0,9
2026-09-29,prunelia,0,1,0,7
2026-09-29,rayhound palworld,0,2,0,68.5
2026-09-29,selyne palworld,0,1,0,52
2026-09-29,shadowbeak palworld,0,1,0,4
2026-09-29,shao long palworld,0,1,0,55
2026-09-29,shaolong,0,1,0,56
2026-09-29,shaolong palworld,0,1,0,9
2026-09-29,shroomer terraria,0,1,0,7
2026-09-29,sibelyx,0,2,0,13.5
2026-09-29,sibleyx,0,1,0,77
2026-09-29,smokie palworld,0,1,0,8
2026-09-29,sooster pal,0,1,0,9
2026-09-29,sparkit,0,2,0,14.5
2026-09-29,tanzee pal world,0,1,0,17
2026-09-29,tissue de qualité palworld,0,1,0,69
2026-09-29,tropicaw,0,3,0,4
2026-09-29,univolt cryst,0,4,0,2
2026-09-29,vanwyrm palworld location,0,1,0,13
2026-09-29,what level is world tree palworld,0,1,0,44
2026-09-29,where are dumud,0,1,0,8
2026-09-29,where can i find dumud palworld,0,1,0,10
2026-09-29,where is frostallion noct,0,1,0,10
2026-09-29,where to buy mammorest meat palworld,0,1,0,11
2026-09-29,where to find dandilord,0,1,0,6
2026-09-29,where to find direhowl palworld,0,1,0,11
2026-09-29,where to find helzephyr palworld 1.0,0,1,0,10
2026-09-29,where to find penkings palworld,0,1,0,8
2026-09-29,where to find turtacle in palworld,0,1,0,10
2026-09-29,where to get penking palworld,0,1,0,11
2026-09-29,world tree bosses,0,2,0,8
2026-09-29,world tree bosses palworld,0,2,0,5
2026-09-29,팰 지도,0,1,0,65
2026-09-29,팰지도,0,1,0,66
2026-09-30,aegidron,0,1,0,53
2026-09-30,astegon location,0,3,0,9.7
2026-09-30,astegon palworld location,0,1,0,10
2026-09-30,azurobe cryst location,0,1,0,2
2026-09-30,beegarde palworld,0,1,0,18
2026-09-30,bellanoir libero breed,0,1,0,18
2026-09-30,bellanoir libero breeding,0,3,0,10.3
2026-09-30,breed lyleen palworld,0,1,0,66
2026-09-30,bulldosu,0,1,0,32
2026-09-30,chillet palworld,0,2,0,4
2026-09-30,cryolinx terra,0,5,0,6.2
2026-09-30,cryolinx terra palworld,0,1,0,54
2026-09-30,dandelord palworld,0,1,0,52
2026-09-30,dandilord pal,0,1,0,52
2026-09-30,dandilord palworld,0,2,0,2.5
2026-09-30,depresso palworld,0,1,0,29
2026-09-30,dynamoff location,0,2,0,4
2026-09-30,dynamoff location palworld,0,1,0,48
2026-09-30,dynamoth,0,1,0,60
2026-09-30,eidrolon location palworld,0,1,0,43
2026-09-30,elphidran aqua,0,1,0,4
2026-09-30,elphidran aqua palworld,0,1,0,63
2026-09-30,faleris,0,1,0,11
2026-09-30,frostalion noct palworld,0,1,0,63
2026-09-30,frostallion location,0,4,0,14.8
2026-09-30,frostplume,0,10,0,4.1
2026-09-30,gobfin,0,14,0,5.8
2026-09-30,gobfin palworld,0,1,0,55
2026-09-30,hartalis,0,1,0,25
2026-09-30,hartalis palworld,0,3,0,13
2026-09-30,helzephyr location palworld,0,2,0,69
2026-09-30,herbil,0,1,0,15
2026-09-30,hertalis pal,0,1,0,11
2026-09-30,how to breed knocklem palworld,0,2,0,26
2026-09-30,how to get sparkit palworld,0,1,0,11
2026-09-30,knocklem,0,1,0,24
2026-09-30,lovander palworld,0,9,0,6
2026-09-30,ophydia,0,3,0,5.7
2026-09-30,pal world full map,0,1,0,66
2026-09-30,paloxite ingot,0,2,0,14.5
2026-09-30,palword base level,0,1,0,60
2026-09-30,palworld anubis's talisman,0,1,0,9
2026-09-30,palworld azurobe,0,1,0,10
2026-09-30,palworld best skills for shadowbeak,0,1,0,7
2026-09-30,palworld best way to make money,0,1,0,20
2026-09-30,palworld dazzi,0,1,0,17
2026-09-30,palworld easy money,0,1,0,1
2026-09-30,palworld elphidran aqua,0,4,0,10.2
2026-09-30,palworld foxparks,0,1,0,1
2026-09-30,palworld galeclaw,0,5,0,1.2
2026-09-30,palworld gobfin,0,7,0,4.7
2026-09-30,palworld gold farm early game,0,1,0,28
2026-09-30,palworld jolthog,0,1,0,8
2026-09-30,palworld lovander,0,2,0,68
2026-09-30,palworld map,0,1,0,66
2026-09-30,palworld maraith,0,7,0,11.6
2026-09-30,palworld money farm,0,2,0,8
2026-09-30,palworld moth,0,1,0,11
2026-09-30,palworld no 196,0,1,0,10
2026-09-30,palworld otomo,0,1,0,7
2026-09-30,palworld petallia ignis,0,1,0,39
2026-09-30,palworld question,0,1,0,1
2026-09-30,palworld ribbuny,0,1,0,7
2026-09-30,palworld sparkit,0,4,0,10.2
2026-09-30,palworld tanzee,0,1,0,20
2026-09-30,palworld vanwyrm,0,1,0,4
2026-09-30,palworld world tree all bosses,0,1,0,11
2026-09-30,palworld world tree boss,0,3,0,10
2026-09-30,palworld world tree boss locations,0,1,0,10
2026-09-30,palworld world tree bosses,0,3,0,7.3
2026-09-30,palworld world tree forbidden laboratory boss,0,1,0,1
2026-09-30,palworld world tree mist,0,1,0,11
2026-09-30,palworld攻略,0,1,0,10
2026-09-30,penking pal,0,1,0,4
2026-09-30,quivern palworld,0,1,0,22
2026-09-30,rayhound,0,1,0,67
2026-09-30,reptyro cryst,0,1,0,9
2026-09-30,reptyro palworld location,0,1,0,2
2026-09-30,shaolong palworld,0,1,0,11
2026-09-30,shroomer,0,3,0,12
2026-09-30,tanzee pal world,0,1,0,15
2026-09-30,venusa,0,1,0,10
2026-09-30,what type is hartalis,0,2,0,11
2026-09-30,where to catch dumud,0,1,0,51
2026-09-30,where to find frostallion noct,0,1,0,7
2026-09-30,world tree boss palworld,0,1,0,9
2026-09-30,world tree bosses,0,2,0,6.5
2026-09-30,world tree bosses palworld,0,3,0,8
2026-09-30,world tree guardian palworld,0,3,0,9
2026-09-30,world tree palworld bosses,0,1,0,1
2026-09-30,팰월드 볼젝스 위치,0,1,0,66
2026-10-01,aegidron,0,1,0,41
2026-10-01,aegidron location,0,1,0,49
2026-10-01,aegidron palworld,0,1,0,61
2026-10-01,astegon,0,1,0,66
2026-10-01,astegon location,0,2,0,8
2026-10-01,astegon location palworld,0,1,0,9
2026-10-01,astegon palworld location,0,1,0,52
2026-10-01,astegon spawn location,0,1,0,11
2026-10-01,astegon spawn palworld,0,1,0,6
2026-10-01,azufre palworld mapa,0,1,0,59
2026-10-01,azurobe,0,2,0,63
2026-10-01,boss world tree palworld,0,1,0,8
2026-10-01,celesdir palworld,0,1,0,47
2026-10-01,cryolinx terra,0,5,0,7.6
2026-10-01,dandilord,0,1,0,3
2026-10-01,dandilord breed,0,1,0,8
2026-10-01,dandilord location palworld,0,1,0,11
2026-10-01,dazzi noct location,0,1,0,52
2026-10-01,deserted islet palworld,0,1,0,5
2026-10-01,direhowl location palworld 1.0,0,1,0,11
2026-10-01,dynamoff location palworld,0,1,0,4
2026-10-01,dynamoff palworld,0,1,0,6
2026-10-01,elphidran aqua,0,1,0,8
2026-10-01,elphidran spawn,0,1,0,10
2026-10-01,endgame,0,1,0,1
2026-10-01,faleris,0,1,0,58
2026-10-01,faleris palworld,0,1,0,51
2026-10-01,gildra palworld,0,1,0,29
2026-10-01,gobfin,0,2,0,11
2026-10-01,hartalis,0,1,0,11
2026-10-01,hartalis typing,0,1,0,8
2026-10-01,helzephyr palworld,0,2,0,23.5
2026-10-01,how to breed splatterina,0,1,0,52
2026-10-01,in the world tree,0,1,0,13
2026-10-01,katress ignis where,0,1,0,4
2026-10-01,knocklem,0,2,0,9
2026-10-01,lyleen breeding,0,1,0,5
2026-10-01,mamorest meat palworld,0,1,0,10
2026-10-01,money palworld,0,1,0,9
2026-10-01,ophydia,0,1,0,42
2026-10-01,pal 54b,0,1,0,7
2026-10-01,palworld 1.0 map interactive,0,1,0,67
2026-10-01,palworld 1.0 reptyro location,0,2,0,10
2026-10-01,palworld astegon location,0,1,0,10
2026-10-01,palworld best end game armor,0,1,0,17
2026-10-01,palworld bulldosu,0,1,0,22
2026-10-01,palworld chillet,0,1,0,34
2026-10-01,palworld end game guide,0,1,0,5
2026-10-01,palworld endgame checklist,0,1,0,8
2026-10-01,palworld faleris,0,1,0,49
2026-10-01,palworld frostallion noct,0,1,0,75
2026-10-01,palworld frostallion noct location,0,1,0,4
2026-10-01,palworld interactive map,0,1,0,72
2026-10-01,palworld interactive map 1.0,0,1,0,57
2026-10-01,palworld level map,0,1,0,71
2026-10-01,palworld lunaris weakness,0,1,0,5
2026-10-01,palworld mammorest meat,0,1,0,58
2026-10-01,palworld map,0,2,0,70.5
2026-10-01,palworld money farm,0,1,0,10
2026-10-01,palworld munchill,0,1,0,47
2026-10-01,palworld no 21b,0,1,0,8
2026-10-01,palworld world tree boss,0,1,0,11
2026-10-01,palworld world tree bosses,0,6,0,6.8
2026-10-01,palworld world tree level,0,2,0,6
2026-10-01,palworld world tree mini bosses,0,2,0,3.5
2026-10-01,penking locations,0,1,0,2
2026-10-01,prunelia,0,1,0,52
2026-10-01,prunelia palworld,0,1,0,6
2026-10-01,rayhound palworld location map,0,1,0,60
2026-10-01,reptyro cryst,0,1,0,8
2026-10-01,reptyro location,0,1,0,55
2026-10-01,selyne,0,1,0,54
2026-10-01,shadowbeak,0,1,0,39
2026-10-01,shadowbeak palworld,0,1,0,62
2026-10-01,shroomer,0,4,0,12.8
2026-10-01,skutlass,0,1,0,43
2026-10-01,snock lux,0,1,0,1
2026-10-01,univolt cryst location,0,1,0,45
2026-10-01,univolt cryst palworld,0,1,0,39
2026-10-01,vanwyrm,0,1,0,17
2026-10-01,warsect vs warsect terra,0,1,0,22
2026-10-01,warsect weakness,0,2,0,39.5
2026-10-01,whalaska ignis drops,0,1,0,7
2026-10-01,whalaska palworld,0,1,0,60
2026-10-01,what type is hartalis,0,1,0,11
2026-10-01,where is frostallion noct,0,1,0,9
2026-10-01,where to find frostallion noct,0,4,0,10
2026-10-01,where to find helzephyr palworld,0,1,0,56
2026-10-01,where to find penking palworld,0,1,0,10
2026-10-01,where to find reptyro palworld,0,1,0,9
2026-10-01,where to find sparkit palworld,0,1,0,56
2026-10-01,where to get reptyro palworld,0,1,0,8
2026-10-01,world tree bosses,0,1,0,10
2026-10-01,world tree bosses palworld,0,3,0,6.3
2026-10-01,world tree level palworld,0,1,0,10
2026-10-01,world tree mini bosses palworld,0,2,0,4.5
2026-10-02,"""hartalis"" palworld",0,1,0,4
2026-10-02,all bosses world tree palworld,0,1,0,10
2026-10-02,astegon location,0,2,0,7
2026-10-02,bellanoir libero gender,0,1,0,10
2026-10-02,blazamut,0,1,0,66
2026-10-02,bushi noct alpha location,0,3,0,8.7
2026-10-02,bushi pal world,0,1,0,16
2026-10-02,bushi palworld,0,1,0,9
2026-10-02,cattiva palworld,0,1,0,5
2026-10-02,celesdir noct stats,0,1,0,4
2026-10-02,cineot palworld,0,2,0,45
2026-10-02,croajiro noct,0,2,0,40.5
2026-10-02,dandilord,0,2,0,6.5
2026-10-02,dandilord palworld,0,1,0,3
2026-10-02,dandilord palworld location,0,1,0,79
2026-10-02,dandilord:,0,1,0,55
2026-10-02,depresso location palworld,0,1,0,73
2026-10-02,depresso pal,0,1,0,10
2026-10-02,depresso spawn location,0,1,0,70
2026-10-02,dynamoff,0,1,0,44
2026-10-02,faleris,0,3,0,44.7
2026-10-02,frostallion noct,0,1,0,69
2026-10-02,frostallion noct location,0,1,0,11
2026-10-02,frostallion noct.,0,2,0,69.5
2026-10-02,gobfin,0,1,0,1
2026-10-02,hartalis,0,2,0,41
2026-10-02,hartalis palworld,0,1,0,23
2026-10-02,helzephyr palworld,0,1,0,83
2026-10-02,herbil palworld location,0,1,0,52
2026-10-02,how hard is it,0,1,0,2
2026-10-02,how to breed celesdir noct palworld,0,1,0,63
2026-10-02,knocklem,0,1,0,11
2026-10-02,leapur palworld,0,1,0,11
2026-10-02,lovander,0,3,0,46.3
2026-10-02,lovander palworld,0,2,0,37
2026-10-02,mammorest meat,0,1,0,65
2026-10-02,mapa de palword,0,1,0,66
2026-10-02,money farm palworld,0,1,0,8
2026-10-02,munchill palworld,0,6,0,4.8
2026-10-02,odia palworld,0,1,0,9
2026-10-02,ophydia,0,4,0,3.8
2026-10-02,ophydia location palworld,0,1,0,48
2026-10-02,otherworldly cells palworld,0,1,0,33
2026-10-02,pal let,0,1,0,8
2026-10-02,pal map,0,1,0,56
2026-10-02,pal world map levels,0,1,0,73
2026-10-02,palworld 1.0 katress ignis location,0,1,0,58
2026-10-02,palworld 1.0 lapure,0,1,0,58
2026-10-02,palworld bushi,0,1,0,11
2026-10-02,palworld celesdir boss location,0,1,0,64
2026-10-02,palworld chillet breeding combinations,0,1,0,73
2026-10-02,palworld deserted islet,0,1,0,8
2026-10-02,palworld direhowl location,0,9,0,14.6
2026-10-02,palworld dynamoff,0,2,0,5.5
2026-10-02,palworld end game materials,0,1,0,4
2026-10-02,palworld endgame,0,1,0,9
2026-10-02,palworld endgame checklist,0,1,0,7
2026-10-02,palworld energy shotgun schematic,0,1,0,12
2026-10-02,palworld feybreak dungeon map,0,1,0,77
2026-10-02,palworld foxparks,0,1,0,1
2026-10-02,palworld gobfin,0,5,0,8.4
2026-10-02,palworld gobfin ignis,0,1,0,9
2026-10-02,palworld hartalis,0,1,0,25
2026-10-02,palworld interactive map 1.0,0,1,0,58
2026-10-02,palworld katress ignis,0,3,0,9.3
2026-10-02,palworld map,0,1,0,69
2026-10-02,palworld money farm,0,4,0,12.8
2026-10-02,palworld money farm 2026,0,1,0,8
2026-10-02,palworld penking location map,0,1,0,57
2026-10-02,palworld penking plume,0,1,0,55
2026-10-02,palworld rayhound breeding,0,1,0,57
2026-10-02,palworld reptyro cryst location map,0,1,0,52
2026-10-02,palworld salvage map,0,1,0,65
2026-10-02,palworld selyne,0,1,0,52
2026-10-02,palworld shaolong,0,1,0,41
2026-10-02,palworld turtacle location,0,2,0,84.5
2026-10-02,palworld world tree,0,1,0,45
2026-10-02,palworld world tree boss,0,1,0,11
2026-10-02,palworld world tree boss locations,0,1,0,8
2026-10-02,palworld world tree boss weakness,0,1,0,10
2026-10-02,palworld world tree bosses,0,8,0,7.4
2026-10-02,palworld world tree level,0,1,0,6
2026-10-02,penking pal,0,1,0,8
2026-10-02,penking spawn location palworld,0,2,0,61
2026-10-02,petallia ignis,0,1,0,32
2026-10-02,primo-tcg-website.vercel.app,0,11,0,35
2026-10-02,rayhound palworld,0,2,0,68
2026-10-02,reptyro,0,2,0,21
2026-10-02,reptyro cryst,0,1,0,76
2026-10-02,rotmist root palworld,0,1,0,4
2026-10-02,selyne palworld,0,1,0,50
2026-10-02,shadowbeak,0,2,0,64.5
2026-10-02,shadowbeak palworld,0,2,0,36.5
2026-10-02,shaolong breeding,0,2,0,9
2026-10-02,shaolong location,0,1,0,53
2026-10-02,skutlass palworld,0,2,0,22
2026-10-02,sparkit,0,1,0,19
2026-10-02,tropicaw,0,3,0,4.3
2026-10-02,where is the deserted islet in palworld,0,1,0,9
2026-10-02,where to catch direhowl,0,1,0,9
2026-10-02,where to find frostallion noct,0,2,0,6.5
2026-10-02,where to find smokie palworld,0,1,0,59
2026-10-02,world tree boss palworld,0,2,0,10
2026-10-02,world tree bosses,0,3,0,7.7
2026-10-02,world tree bosses palworld,0,3,0,10.3
2026-10-02,world tree field bosses,0,1,0,4
2026-10-02,world tree palworld bosses,0,1,0,5
2026-10-02,world tree palworld wiki,0,1,0,9
2026-10-03,aegidron,0,2,0,25.5
2026-10-03,aegidron palworld,0,1,0,5
2026-10-03,all bosses in world tree palworld,0,2,0,7
2026-10-03,azurobe palworld,0,1,0,50
2026-10-03,bellanoir libero stats,0,1,0,56
2026-10-03,bushi palworld,0,2,0,33.5
2026-10-03,celesdir palword,0,1,0,10
2026-10-03,celesdir palworld location,0,1,0,14
2026-10-03,cryolinx terra,0,1,0,50
2026-10-03,dandilord palworld,0,1,0,3
2026-10-03,depresso,0,1,0,60
2026-10-03,depresso palworld,0,2,0,31.5
2026-10-03,elphidran aqua,0,2,0,7.5
2026-10-03,endgame,0,1,0,3
2026-10-03,fenglope palworld breed,0,1,0,22
2026-10-03,foxcicle,0,1,0,89
2026-10-03,foxicle location,0,1,0,93
2026-10-03,frostallion noct location,0,1,0,8
2026-10-03,frostallion noct palworld location,0,1,0,9
2026-10-03,galeclaw,0,1,0,7
2026-10-03,gobfin,0,1,0,11
2026-10-03,gobfin ignis palworld location,0,1,0,11
2026-10-03,gobfin passive,0,1,0,9
2026-10-03,hartalis,0,2,0,10
2026-10-03,hartalis palworld,0,6,0,11.7
2026-10-03,hartalis typing,0,1,0,7
2026-10-03,helzephyr,0,2,0,8
2026-10-03,helzephyr palworld speed,0,1,0,90
2026-10-03,how much would cost,0,1,0,4
2026-10-03,how to beat it,0,1,0,9
2026-10-03,ice reptyro,0,1,0,10
2026-10-03,ignis breath palworld,0,1,0,11
2026-10-03,katress ignis palworld,0,1,0,11
2026-10-03,knocklem ignis,0,1,0,21
2026-10-03,lovander palword,0,1,0,28
2026-10-03,munchill palworld,0,6,0,4
2026-10-03,ophydia palworld,0,2,0,6.5
2026-10-03,pal 54b,0,1,0,9
2026-10-03,palword site,0,2,0,74
2026-10-03,palworld 195b,0,1,0,10
2026-10-03,palworld dazzi noct,0,1,0,22
2026-10-03,palworld dualith,0,2,0,38
2026-10-03,palworld dynamoff,0,1,0,6
2026-10-03,palworld elphidran aqua,0,2,0,11
2026-10-03,palworld end game gear,0,1,0,4
2026-10-03,palworld end game guide,0,1,0,8
2026-10-03,palworld endgame guide,0,1,0,5
2026-10-03,palworld faleris aqua,0,1,0,54
2026-10-03,palworld foxparks,0,1,0,1
2026-10-03,palworld frostallion noct boss location,0,1,0,9
2026-10-03,palworld galeclaw,0,1,0,4
2026-10-03,palworld get money fast,0,1,0,8
2026-10-03,palworld gildra,0,4,0,5.2
2026-10-03,palworld gobfin,0,2,0,14
2026-10-03,palworld gobfin ignis,0,3,0,8.7
2026-10-03,palworld happy go lucky bunny,0,1,0,7
2026-10-03,palworld how to farm money,0,1,0,9
2026-10-03,palworld how to get chromium,0,1,0,26
2026-10-03,palworld ice kingpaca,0,1,0,6
2026-10-03,palworld interactive map,0,1,0,66
2026-10-03,palworld no197,0,1,0,8
2026-10-03,palworld ps4 download,0,1,0,1
2026-10-03,palworld reptyro,0,1,0,72
2026-10-03,palworld shadowbeak,0,1,0,37
2026-10-03,palworld splatterina,0,1,0,50
2026-10-03,palworld tanzee,0,1,0,1
2026-10-03,palworld wiki xenolord,0,1,0,8
2026-10-03,palworld world tree boss,0,1,0,11
2026-10-03,palworld world tree boss locations,0,1,0,10
2026-10-03,palworld world tree bosses,0,3,0,8.7
2026-10-03,palworld world tree gas,0,2,0,10.5
2026-10-03,pengullet,0,1,0,10
2026-10-03,penking pal,0,1,0,6
2026-10-03,reptyro,0,1,0,24
2026-10-03,selyne,0,1,0,52
2026-10-03,selyne palworld,0,1,0,10
2026-10-03,shadowbeak palworld,0,1,0,38
2026-10-03,shaolong palworld,0,1,0,38
2026-10-03,shroomer terraria,0,1,0,8
2026-10-03,sibelyx,0,1,0,17
2026-10-03,snake pal,0,1,0,47
2026-10-03,snock lux,0,1,0,4
2026-10-03,tropicaw palworld,0,1,0,5
2026-10-03,warsect terra palworld,0,1,0,61
2026-10-03,whalaska palworld,0,2,0,56
2026-10-03,what type is selyne,0,1,0,11
2026-10-03,where is frostallion noct palworld,0,1,0,9
2026-10-03,where to catch frostallion noct,0,1,0,9
2026-10-03,where to find frostallion noct,0,1,0,8
2026-10-03,where to find helzephyr palworld 1.0,0,1,0,10
2026-10-03,world tree boss palworld,0,1,0,8
2026-10-03,world tree bosses,0,2,0,4.5
2026-10-03,world tree bosses palworld,0,2,0,10
2026-10-03,интерактивная карта palworld,0,1,0,80
2026-10-03,팰월드 맵,0,1,0,69
2026-10-04,aegedron,0,1,0,10
2026-10-04,aegidron palworld,0,2,0,29.5
2026-10-04,all bosses world tree palworld,0,1,0,8
2026-10-04,azurobe cryst,0,1,0,3
2026-10-04,azurobe cryst saddle,0,1,0,48
2026-10-04,blazamut palworld,0,1,0,19
2026-10-04,blazamutpalworld,0,2,0,50.5
2026-10-04,boss world tree palworld,0,1,0,11
2026-10-04,breeding palworld,0,1,0,92
2026-10-04,bushi palworld,0,2,0,9.5
2026-10-04,celestia palworld,0,1,0,1
2026-10-04,cineoth palworld,0,2,0,11
2026-10-04,cryolinx terra,0,1,0,53
2026-10-04,dandilord drops,0,1,0,10
2026-10-04,dandilord palworld,0,2,0,50.5
2026-10-04,dazzi palworld,0,1,0,18
2026-10-04,faleris,0,2,0,8.5
2026-10-04,faleris aqua location,0,1,0,94
2026-10-04,fenglope lux,0,1,0,6
2026-10-04,fenglope lux palworld,0,1,0,1
2026-10-04,frostallion noct boss location,0,1,0,10
2026-10-04,gloopie palworld,0,1,0,75
2026-10-04,gobfin,0,1,0,53
2026-10-04,hangyu vs hangyu cryst,0,1,0,8
2026-10-04,hartalis,0,2,0,9.5
2026-10-04,hartalis palworld,0,1,0,10
2026-10-04,hartalis type,0,1,0,10
2026-10-04,helzephyr,0,7,0,7.1
2026-10-04,herbil,0,1,0,26
2026-10-04,how many waves are there,0,1,0,1
2026-10-04,kitsun location palworld,0,1,0,6
2026-10-04,lapure,0,1,0,20
2026-10-04,map palworld,0,1,0,80
2026-10-04,mapa de pals,0,1,0,89
2026-10-04,mapa pal,0,1,0,60
2026-10-04,money farm palworld,0,1,0,11
2026-10-04,munchill palworld,0,1,0,4
2026-10-04,ophydia palworld,0,1,0,4
2026-10-04,pal let,0,1,0,5
2026-10-04,palword bushi,0,1,0,10
2026-10-04,palword wiki,0,1,0,9
2026-10-04,palworld 1.0 direhowl location,0,1,0,10
2026-10-04,palworld azurobe,0,1,0,16
2026-10-04,palworld best way to farm money,0,2,0,10
2026-10-04,palworld deserted islet,0,1,0,8
2026-10-04,palworld endgame materials,0,2,0,3
2026-10-04,palworld fast money,0,1,0,11
2026-10-04,palworld foxparks,0,2,0,1
2026-10-04,palworld happy go lucky bunny,0,1,0,11
2026-10-04,palworld ice kingpaca,0,2,0,5.5
2026-10-04,palworld ice reptyro,0,1,0,9
2026-10-04,palworld interactive map 1.0,0,1,0,51
2026-10-04,palworld map,0,1,0,85
2026-10-04,palworld map interactive 1.0,0,1,0,59
2026-10-04,palworld map with bosses,0,1,0,24
2026-10-04,palworld maraith,0,2,0,12
2026-10-04,palworld money,0,2,0,9.5
2026-10-04,palworld money farm,0,4,0,7.8
2026-10-04,palworld no 196,0,1,0,9
2026-10-04,palworld shroomer,0,1,0,10
2026-10-04,palworld skutlass,0,1,0,7
2026-10-04,palworld univolt cryst location,0,1,0,4
2026-10-04,palworld vanwyrm,0,2,0,8
2026-10-04,palworld where to find frostallion noct,0,1,0,10
2026-10-04,palworld world tree boss drops,0,1,0,8
2026-10-04,palworld world tree bosses,0,10,0,7.7
2026-10-04,palworld world tree field bosses,0,1,0,1
2026-10-04,penking pal,0,1,0,7
2026-10-04,prunelia palworld,0,1,0,4
2026-10-04,reptyro cryst,0,2,0,7
2026-10-04,rooby,0,1,0,25
2026-10-04,selyne location palworld,0,1,0,95
2026-10-04,shaolong,0,2,0,40
2026-10-04,smokie palworld,0,1,0,11
2026-10-04,tanzee pal world,0,1,0,15
2026-10-04,univolt cryst palworld,0,1,0,3
2026-10-04,venusa,0,1,0,24
2026-10-04,where to catch frostallion noct,0,1,0,10
2026-10-04,where to find frostallion noct,0,1,0,11
2026-10-04,where to get frostallion noct,0,2,0,7
2026-10-04,where to get helzephyr,0,2,0,8.5
2026-10-04,world tree bosses,0,3,0,7
2026-10-04,world tree bosses palworld,0,3,0,9.3
2026-10-04,world tree pals,0,1,0,21
2026-10-04,world tree palworld,0,1,0,47
2026-10-04,팰월드 전체 맵,0,1,0,74
2026-10-05,all bosses in world tree palworld,0,1,0,10
2026-10-05,all world tree bosses,0,1,0,8
2026-10-05,azurobe,0,1,0,21
2026-10-05,bushi pal,0,1,0,11
2026-10-05,bushi pal world,0,1,0,16
2026-10-05,bushi palworld,0,2,0,9
2026-10-05,dandilord,0,3,0,21.3
2026-10-05,dandilord palworld,0,1,0,4
2026-10-05,dinossom,0,1,0,9
2026-10-05,dualith,0,3,0,12.7
2026-10-05,fenglope lux,0,1,0,6
2026-10-05,frostallion noct location palworld 1.0,0,1,0,10
2026-10-05,frostallion spawn location,0,1,0,10
2026-10-05,frostplume palworld location,0,1,0,86
2026-10-05,galeclaw,0,1,0,11
2026-10-05,gobfin,0,1,0,9
2026-10-05,hangyu vs hangyu cryst,0,1,0,8
2026-10-05,hartalis,0,1,0,10
2026-10-05,hartalis palworld,0,1,0,22
2026-10-05,how to get knocklem ignis,0,2,0,45.5
2026-10-05,knocklem,0,1,0,10
2026-10-05,libero palworld,0,1,0,4
2026-10-05,lovander palworld description,0,1,0,71
2026-10-05,moldron,0,1,0,37
2026-10-05,ophidia palmon,0,1,0,41
2026-10-05,ophydia,0,3,0,5.7
2026-10-05,pal world map,0,1,0,69
2026-10-05,palword map,0,1,0,79
2026-10-05,palworld aegidron,0,2,0,10
2026-10-05,palworld celesdir location,0,1,0,61
2026-10-05,palworld cryolinx terra,0,1,0,4
2026-10-05,palworld endgame,0,1,0,5
2026-10-05,palworld endgame gear,0,1,0,6
2026-10-05,palworld endgame guide,0,1,0,2
2026-10-05,palworld endgame money farm,0,1,0,6
2026-10-05,palworld fenglope lux,0,1,0,47
2026-10-05,palworld flaracle,0,1,0,1
2026-10-05,palworld herbil location,0,1,0,17
2026-10-05,palworld interactive map,0,1,0,66
2026-10-05,palworld livemap,0,1,0,66
2026-10-05,palworld map,0,2,0,73
2026-10-05,palworld map levels,0,1,0,63
2026-10-05,palworld material locations,0,1,0,65
2026-10-05,palworld materials,0,1,0,57
2026-10-05,palworld money farm,0,1,0,6
2026-10-05,palworld money guide,0,1,0,9
2026-10-05,palworld moth,0,1,0,9
2026-10-05,palworld ophydia,0,1,0,9
2026-10-05,palworld ophydia location,0,1,0,11
2026-10-05,palworld quick money,0,3,0,9.3
2026-10-05,palworld reptyro cryst location,0,1,0,54
2026-10-05,palworld smokie breeding combos,0,2,0,69.5
2026-10-05,palworld transfer items between worlds,0,1,0,28
2026-10-05,palworld tree bosses,0,1,0,10
2026-10-05,palworld walaska,0,1,0,57
2026-10-05,palworld warsect terra,0,1,0,100
2026-10-05,palworld where to find smokie,0,1,0,86
2026-10-05,palworld which boss gives the most xp,0,1,0,1
2026-10-05,palworld wiki xenolord,0,2,0,8.5
2026-10-05,palworld world tree bosses,0,1,0,10
2026-10-05,palworld world tree level,0,1,0,4
2026-10-05,palworld world tree mini bosses,0,1,0,7
2026-10-05,palworld world tree pals,0,1,0,22
2026-10-05,palworlds map,0,2,0,67.5
2026-10-05,penking pal,0,1,0,7
2026-10-05,precious dragon stone palworld use,0,1,0,5
2026-10-05,prunelia,0,4,0,6
2026-10-05,reptyro,0,2,0,92
2026-10-05,selyne palworld,0,1,0,9
2026-10-05,shroomer terraria,0,2,0,8.5
2026-10-05,univolt cryst,0,1,0,43
2026-10-05,unthawable lake palworld,0,1,0,43
2026-10-05,warsect terra,0,1,0,10
2026-10-05,what bosses are in the world tree palworld,0,1,0,10
2026-10-05,where to get frostallion noct,0,3,0,7
2026-10-05,windswept hills palworld map,0,1,0,92
2026-10-05,world tree bosses,0,1,0,9
2026-10-05,world tree bosses palworld,0,2,0,7
2026-10-05,world tree palworld wiki,0,1,0,11
