url,type,gsc_clicks,gsc_impressions,gsc_ctr,gsc_avg_position,query_rows_visible,indexable,in_sitemap,inlinks,inlink_source_pages
https://palworld-chi.vercel.app/en/guide/base,guide,1,15,0.0667,15.1,1,yes,yes,2788,2785
https://palworld-chi.vercel.app/en/guide/beginner,guide,1,28,0.0357,32.6,9,yes,yes,2799,2785
https://palworld-chi.vercel.app/en/guide/breeding,guide,0,50,0,80.8,24,yes,yes,2800,2785
https://palworld-chi.vercel.app/en/guide/endgame,guide,7,281,0.0249,6.9,22,yes,yes,2788,2785
https://palworld-chi.vercel.app/en/guide/faq,guide,0,8,0,49.4,1,yes,yes,2797,2785
https://palworld-chi.vercel.app/en/guide/materials,guide,0,58,0,37.1,11,yes,yes,16,11
https://palworld-chi.vercel.app/en/guide/mobile,guide,0,3,0,45.7,2,yes,yes,2791,2785
https://palworld-chi.vercel.app/en/guide/money,guide,0,20,0,33.2,8,yes,yes,2789,2785
https://palworld-chi.vercel.app/en/guide/new-pals,guide,0,2,0,40,0,yes,yes,7,6
https://palworld-chi.vercel.app/en/guide/passives,guide,1,130,0.0077,62.2,52,yes,yes,5580,2785
https://palworld-chi.vercel.app/en/guide/tcg,guide,0,5,0,23.4,0,yes,yes,2789,2785
https://palworld-chi.vercel.app/en/guide/wiki,guide,0,7,0,76.9,4,yes,yes,2,2
https://palworld-chi.vercel.app/en/guide/world-tree,guide,16,757,0.0211,8.3,70,yes,yes,2789,2785
https://palworld-chi.vercel.app/en/pal/aegidron,pal,0,6,0,12.7,1,yes,yes,2,2
https://palworld-chi.vercel.app/en/pal/anubis,pal,1,18,0.0556,18.9,3,yes,yes,3,3
https://palworld-chi.vercel.app/en/pal/astegon/location,pal-location,0,320,0,9.8,20,yes,yes,3,2
https://palworld-chi.vercel.app/en/pal/astralym/breeding,pal-breeding,0,4,0,2.8,0,yes,yes,3,2
https://palworld-chi.vercel.app/en/pal/beegarde,pal,0,8,0,39.1,3,yes,yes,2,2
https://palworld-chi.vercel.app/en/pal/bellanoir-libero,pal,0,1,0,10,0,yes,yes,2,2
https://palworld-chi.vercel.app/en/pal/blazamut,pal,0,6,0,52.2,3,yes,yes,2,2
https://palworld-chi.vercel.app/en/pal/blazamut/location,pal-location,1,40,0.025,11.7,9,yes,yes,3,2
https://palworld-chi.vercel.app/en/pal/blazamut-ryu,pal,0,4,0,33,1,yes,yes,2,2
https://palworld-chi.vercel.app/en/pal/bushi,pal,0,25,0,17.5,5,yes,yes,2,2
https://palworld-chi.vercel.app/en/pal/bushi-noct/location,pal-location,0,8,0,27.5,3,yes,yes,3,2
https://palworld-chi.vercel.app/en/pal/chikipi/location,pal-location,0,4,0,7.8,1,yes,yes,3,2
https://palworld-chi.vercel.app/en/pal/cinnamoth,pal,0,15,0,21.5,9,yes,yes,2,2
https://palworld-chi.vercel.app/en/pal/dandilord,pal,0,6,0,15.5,3,yes,yes,2,2
https://palworld-chi.vercel.app/en/pal/dazzi-noct,pal,0,5,0,17.2,1,yes,yes,2,2
https://palworld-chi.vercel.app/en/pal/depresso/location,pal-location,0,4,0,4.8,0,yes,yes,3,2
https://palworld-chi.vercel.app/en/pal/dinossom,pal,0,4,0,21.5,1,yes,yes,2,2
https://palworld-chi.vercel.app/en/pal/dinossom-lux,pal,0,1,0,37,1,yes,yes,2,2
https://palworld-chi.vercel.app/en/pal/dogen,pal,0,5,0,21,1,yes,yes,2,2
https://palworld-chi.vercel.app/en/pal/dualith-noct,pal,0,2,0,5.5,0,yes,yes,2,2
https://palworld-chi.vercel.app/en/pal/dumud,pal,0,1,0,9,0,yes,yes,2,2
https://palworld-chi.vercel.app/en/pal/dupin,pal,0,40,0,10.2,7,yes,yes,2,2
https://palworld-chi.vercel.app/en/pal/dynamoff,pal,0,7,0,9.1,0,yes,yes,2,2
https://palworld-chi.vercel.app/en/pal/eidrolon,pal,0,31,0,11.2,10,yes,yes,2,2
https://palworld-chi.vercel.app/en/pal/eidrolon/location,pal-location,0,5,0,6.2,0,yes,yes,3,2
https://palworld-chi.vercel.app/en/pal/eikthyrdeer/location,pal-location,0,15,0,7.9,2,yes,yes,3,2
https://palworld-chi.vercel.app/en/pal/elphidran-aqua,pal,0,1,0,63,1,yes,yes,2,2
https://palworld-chi.vercel.app/en/pal/faleris,pal,0,13,0,16.2,3,yes,yes,2,2
https://palworld-chi.vercel.app/en/pal/faleris-aqua,pal,0,3,0,58,3,yes,yes,2,2
https://palworld-chi.vercel.app/en/pal/felbat/location,pal-location,0,5,0,6.2,2,yes,yes,3,2
https://palworld-chi.vercel.app/en/pal/fenglope,pal,0,2,0,65,2,yes,yes,2,2
https://palworld-chi.vercel.app/en/pal/finsider/location,pal-location,0,2,0,8,0,yes,yes,3,2
https://palworld-chi.vercel.app/en/pal/flaracle,pal,0,16,0,8.9,4,yes,yes,2,2
https://palworld-chi.vercel.app/en/pal/foxcicle/location,pal-location,0,18,0,17.9,8,yes,yes,3,2
https://palworld-chi.vercel.app/en/pal/foxparks-cryst,pal,0,1,0,50,1,yes,yes,2,2
https://palworld-chi.vercel.app/en/pal/frostallion-noct,pal,0,9,0,14.8,1,yes,yes,2,2
https://palworld-chi.vercel.app/en/pal/frostallion-noct/location,pal-location,0,22,0,11.0,7,yes,yes,3,2
https://palworld-chi.vercel.app/en/pal/frostplume,pal,0,2,0,51.5,2,yes,yes,2,2
https://palworld-chi.vercel.app/en/pal/galeclaw,pal,0,3,0,10.3,1,yes,yes,2,2
https://palworld-chi.vercel.app/en/pal/gildra,pal,0,7,0,11.1,1,yes,yes,2,2
https://palworld-chi.vercel.app/en/pal/gobfin,pal,0,4,0,8,1,yes,yes,2,2
https://palworld-chi.vercel.app/en/pal/gorirat,pal,0,2,0,62.5,2,yes,yes,2,2
https://palworld-chi.vercel.app/en/pal/grizzbolt/breeding,pal-breeding,0,2,0,29.5,1,yes,yes,3,2
https://palworld-chi.vercel.app/en/pal/hartalis,pal,0,15,0,20.1,8,yes,yes,2,2
https://palworld-chi.vercel.app/en/pal/helzephyr,pal,0,2,0,38,1,yes,yes,2,2
https://palworld-chi.vercel.app/en/pal/helzephyr-lux,pal,0,1,0,71,1,yes,yes,2,2
https://palworld-chi.vercel.app/en/pal/helzephyr-lux/location,pal-location,0,4,0,20.5,1,yes,yes,3,2
https://palworld-chi.vercel.app/en/pal/hoodle,pal,0,1,0,34,1,yes,yes,2,2
https://palworld-chi.vercel.app/en/pal/icelyn,pal,0,10,0,23,2,yes,yes,2,2
https://palworld-chi.vercel.app/en/pal/icelyn/location,pal-location,0,1,0,7,0,yes,yes,3,2
https://palworld-chi.vercel.app/en/pal/jetragon,pal,0,3,0,43.3,3,yes,yes,3,3
https://palworld-chi.vercel.app/en/pal/jormuntide/location,pal-location,0,179,0,10.0,13,yes,yes,3,2
https://palworld-chi.vercel.app/en/pal/katress-ignis/location,pal-location,0,11,0,17.3,3,yes,yes,3,2
https://palworld-chi.vercel.app/en/pal/kikit,pal,0,4,0,33.5,1,yes,yes,2,2
https://palworld-chi.vercel.app/en/pal/kingpaca-cryst/location,pal-location,0,21,0,8.9,6,yes,yes,3,2
https://palworld-chi.vercel.app/en/pal/kitsun/location,pal-location,0,1,0,9,0,yes,yes,3,2
https://palworld-chi.vercel.app/en/pal/kitsun-noct,pal,0,14,0,31.3,6,yes,yes,2,2
https://palworld-chi.vercel.app/en/pal/knocklem,pal,0,5,0,33.4,2,yes,yes,2,2
https://palworld-chi.vercel.app/en/pal/lapure,pal,0,12,0,8,2,yes,yes,2,2
https://palworld-chi.vercel.app/en/pal/loupmoon,pal,0,1,0,11,1,yes,yes,2,2
https://palworld-chi.vercel.app/en/pal/lovander,pal,0,31,0,25.9,7,yes,yes,2,2
https://palworld-chi.vercel.app/en/pal/lullu/location,pal-location,0,6,0,6,2,yes,yes,3,2
https://palworld-chi.vercel.app/en/pal/lunaris,pal,0,4,0,48,1,yes,yes,2,2
https://palworld-chi.vercel.app/en/pal/mammorest,pal,0,5,0,37.6,1,yes,yes,2,2
https://palworld-chi.vercel.app/en/pal/maraith,pal,0,6,0,18.5,1,yes,yes,2,2
https://palworld-chi.vercel.app/en/pal/moldron,pal,0,1,0,10,0,yes,yes,2,2
https://palworld-chi.vercel.app/en/pal/moldron-cryst,pal,0,7,0,7.6,0,yes,yes,2,2
https://palworld-chi.vercel.app/en/pal/mossanda/location,pal-location,0,23,0,19,10,yes,yes,3,2
https://palworld-chi.vercel.app/en/pal/muffly/breeding,pal-breeding,0,2,0,16,1,yes,yes,3,2
https://palworld-chi.vercel.app/en/pal/munchill,pal,0,3,0,9,0,yes,yes,2,2
https://palworld-chi.vercel.app/en/pal/mycora,pal,0,6,0,13.3,1,yes,yes,2,2
https://palworld-chi.vercel.app/en/pal/neptilius/location,pal-location,0,128,0,8.2,26,yes,yes,3,2
https://palworld-chi.vercel.app/en/pal/nitemary/breeding,pal-breeding,0,1,0,10,0,yes,yes,3,2
https://palworld-chi.vercel.app/en/pal/omascul,pal,0,38,0,9.2,8,yes,yes,2,2
https://palworld-chi.vercel.app/en/pal/ophydia,pal,0,10,0,9.2,1,yes,yes,2,2
https://palworld-chi.vercel.app/en/pal/paladius/location,pal-location,0,7,0,10.9,1,yes,yes,3,2
https://palworld-chi.vercel.app/en/pal/penking,pal,0,9,0,33.4,3,yes,yes,2,2
https://palworld-chi.vercel.app/en/pal/penking/location,pal-location,1,80,0.0125,9.3,18,yes,yes,3,2
https://palworld-chi.vercel.app/en/pal/petallia/breeding,pal-breeding,0,2,0,9,0,yes,yes,3,2
https://palworld-chi.vercel.app/en/pal/petallia/location,pal-location,0,16,0,6.8,5,yes,yes,3,2
https://palworld-chi.vercel.app/en/pal/petallia-ignis,pal,0,5,0,6.6,0,yes,yes,2,2
https://palworld-chi.vercel.app/en/pal/prixter-lux/location,pal-location,0,8,0,5.5,2,yes,yes,3,2
https://palworld-chi.vercel.app/en/pal/prunelia,pal,0,1,0,9,0,yes,yes,2,2
https://palworld-chi.vercel.app/en/pal/puffolt,pal,0,1,0,10,0,yes,yes,2,2
https://palworld-chi.vercel.app/en/pal/quivern,pal,0,6,0,9.7,1,yes,yes,2,2
https://palworld-chi.vercel.app/en/pal/ragnahawk,pal,0,8,0,32.2,1,yes,yes,2,2
https://palworld-chi.vercel.app/en/pal/rayhound,pal,0,9,0,49.3,5,yes,yes,2,2
https://palworld-chi.vercel.app/en/pal/rayhound/location,pal-location,0,4,0,37.5,1,yes,yes,3,2
https://palworld-chi.vercel.app/en/pal/reindrix/location,pal-location,0,3,0,25,1,yes,yes,3,2
https://palworld-chi.vercel.app/en/pal/relaxaurus-lux,pal,0,2,0,32,1,yes,yes,2,2
https://palworld-chi.vercel.app/en/pal/renjishi,pal,0,1,0,7,0,yes,yes,2,2
https://palworld-chi.vercel.app/en/pal/reptyro/location,pal-location,0,39,0,7.5,10,yes,yes,3,2
https://palworld-chi.vercel.app/en/pal/selyne,pal,0,8,0,13.9,0,yes,yes,2,2
https://palworld-chi.vercel.app/en/pal/shadowbeak,pal,0,23,0,21.3,5,yes,yes,3,3
https://palworld-chi.vercel.app/en/pal/shroomer/breeding,pal-breeding,0,5,0,7,1,yes,yes,3,2
https://palworld-chi.vercel.app/en/pal/sibelyx/location,pal-location,0,6,0,17,1,yes,yes,3,2
https://palworld-chi.vercel.app/en/pal/sibelyx-primo,pal,0,8,0,6,1,yes,yes,2,2
https://palworld-chi.vercel.app/en/pal/skutlass,pal,0,4,0,10,2,yes,yes,2,2
https://palworld-chi.vercel.app/en/pal/snock-lux,pal,0,2,0,9.5,0,yes,yes,2,2
https://palworld-chi.vercel.app/en/pal/snugloo,pal,0,1,0,11,0,yes,yes,2,2
https://palworld-chi.vercel.app/en/pal/solenne,pal,0,21,0,8.5,3,yes,yes,2,2
https://palworld-chi.vercel.app/en/pal/sootseer,pal,0,11,0,24.2,7,yes,yes,2,2
https://palworld-chi.vercel.app/en/pal/starryon,pal,0,4,0,21.8,2,yes,yes,2,2
https://palworld-chi.vercel.app/en/pal/starryon-primo/location,pal-location,0,7,0,6.7,1,yes,yes,3,2
https://palworld-chi.vercel.app/en/pal/suzaku,pal,0,10,0,19.1,2,yes,yes,2,2
https://palworld-chi.vercel.app/en/pal/tarantriss,pal,0,1,0,10,0,yes,yes,2,2
https://palworld-chi.vercel.app/en/pal/tocotoco,pal,0,16,0,9,2,yes,yes,2,2
https://palworld-chi.vercel.app/en/pal/tropicaw,pal,0,3,0,6.7,0,yes,yes,2,2
https://palworld-chi.vercel.app/en/pal/turtacle/breeding,pal-breeding,0,2,0,20.5,1,yes,yes,3,2
https://palworld-chi.vercel.app/en/pal/univolt/breeding,pal-breeding,0,1,0,9,0,yes,yes,3,2
https://palworld-chi.vercel.app/en/pal/univolt-cryst,pal,0,3,0,7,0,yes,yes,2,2
https://palworld-chi.vercel.app/en/pal/warsect-terra,pal,0,1,0,1,0,yes,yes,2,2
https://palworld-chi.vercel.app/en/pal/wispaw,pal,0,1,0,7,0,yes,yes,2,2
https://palworld-chi.vercel.app/en/pal/woolipop/location,pal-location,1,2,0.5,4,0,yes,yes,3,2
https://palworld-chi.vercel.app/en/pal/xenogard/location,pal-location,0,14,0,11.3,4,yes,yes,3,2
https://palworld-chi.vercel.app/en/item/baked-berries,item,0,1,0,10,0,yes,yes,1,1
https://palworld-chi.vercel.app/en/item/rainbowcrystal,item,0,1,0,5,0,yes,yes,2,2
https://palworld-chi.vercel.app/en/item/sulfur,item,0,2,0,5.5,0,yes,yes,2,2
https://palworld-chi.vercel.app/en/breeding-calculator,breeding-calculator,0,3,0,34.3,1,yes,yes,3368,2785
